date	open	high	low	close	volume
2021/03/02	921.0	921.0	910.2	914.6	914.6	6,816,100
2021/03/01	911.8	913.9	905.2	912.3	912.3	7,250,000
2021/02/26	916.0	925.7	908.4	910.6	910.6	11,969,500
2021/02/25	917.0	922.0	909.5	919.9	919.9	8,106,400
2021/02/24	909.8	912.8	904.1	907.1	907.1	7,942,000
2021/02/22	902.2	907.9	899.1	900.0	900.0	5,241,900
2021/02/19	895.8	897.9	886.0	887.2	887.2	9,473,400
2021/02/18	920.0	920.0	900.6	901.0	901.0	7,714,700
2021/02/17	910.8	916.7	907.7	915.5	915.5	7,416,600
2021/02/16	909.8	912.1	896.6	904.2	904.2	8,382,900
2021/02/15	920.0	920.0	902.7	905.3	905.3	9,320,900
2021/02/12	882.0	900.0	881.1	899.7	899.7	9,200,000
2021/02/10	882.9	886.2	876.3	878.8	878.8	7,362,000
2021/02/09	885.5	893.0	878.1	882.9	882.9	8,036,700
2021/02/08	871.5	886.8	871.5	882.4	882.4	8,195,700
2021/02/05	864.6	867.5	854.2	864.5	864.5	6,234,500
2021/02/04	852.0	855.0	849.5	850.0	850.0	4,891,800
2021/02/03	842.8	852.0	840.3	852.0	852.0	4,191,500
2021/02/02	835.7	841.0	834.0	837.3	837.3	3,815,200
2021/02/01	834.6	841.2	832.0	838.3	838.3	4,578,800
2021/01/29	850.1	853.4	831.7	831.9	831.9	8,535,700
2021/01/28	842.8	853.2	842.2	847.6	847.6	18,483,400
2021/01/27	847.4	866.6	844.1	863.8	863.8	9,872,400
2021/01/26	838.9	839.4	831.6	836.0	836.0	6,011,100
2021/01/25	834.8	838.8	831.3	835.8	835.8	4,934,900
2021/01/22	836.0	838.7	830.3	831.5	831.5	5,902,200
2021/01/21	854.8	856.9	844.1	844.5	844.5	5,620,400
2021/01/20	854.5	856.7	843.5	847.3	847.3	6,696,500
2021/01/19	858.8	863.4	854.8	856.6	856.6	4,156,500
2021/01/18	864.8	866.9	853.0	855.3	855.3	5,533,100
2021/01/15	878.8	881.5	872.3	872.4	872.4	7,884,300
2021/01/14	860.0	879.5	859.1	870.2	870.2	9,008,000
2021/01/13	845.9	856.8	841.7	856.7	856.7	7,116,200
2021/01/12	847.0	849.0	837.5	845.8	845.8	7,095,900
2021/01/08	832.7	846.4	832.3	846.0	846.0	9,597,100
2021/01/07	825.0	841.9	824.9	830.7	830.7	11,513,000
2021/01/06	795.5	809.0	793.8	807.0	807.0	6,155,900
2021/01/05	795.8	800.1	793.6	795.2	795.2	4,722,100
2021/01/04	810.0	811.8	793.4	801.6	801.6	4,044,000
2020/12/30	804.6	809.2	798.8	802.8	802.8	4,859,600
2020/12/29	790.0	804.0	787.5	804.0	804.0	5,659,500
2020/12/28	789.9	791.9	787.1	791.5	791.5	6,345,700
2020/12/25	791.6	794.7	787.7	792.0	792.0	3,978,000
2020/12/24	791.3	795.5	786.1	788.6	788.6	4,172,300
2020/12/23	792.4	794.9	782.1	785.9	785.9	5,528,800
2020/12/22	795.8	803.5	791.8	795.7	795.7	6,171,500
2020/12/21	815.0	815.5	798.4	802.1	802.1	7,939,100
2020/12/18	806.8	812.9	800.7	810.5	810.5	8,749,800
2020/12/17	793.1	816.3	792.1	807.8	807.8	11,826,700
2020/12/16	778.9	784.5	777.0	779.9	779.9	5,625,600
2020/12/15	774.4	777.0	770.2	772.9	772.9	6,153,800
2020/12/14	772.0	780.6	770.8	774.5	774.5	6,237,200
2020/12/11	770.0	771.0	762.0	764.9	764.9	9,842,100
2020/12/10	773.3	780.2	770.0	770.0	770.0	6,315,100
2020/12/09	773.0	781.7	773.0	780.2	780.2	5,056,800
2020/12/08	778.8	783.0	772.9	773.6	773.6	6,043,700
2020/12/07	789.7	792.5	777.7	778.9	778.9	4,807,500
2020/12/04	779.1	785.7	774.1	784.3	784.3	5,274,600
2020/12/03	777.4	780.1	772.8	776.4	776.4	5,629,500
2020/12/02	770.4	777.7	767.2	775.5	775.5	7,557,700
2020/12/01	776.6	788.0	769.5	771.7	771.7	7,441,400
2020/11/30	787.9	788.4	764.4	772.7	772.7	12,215,200
2020/11/27	792.6	799.9	790.2	792.8	792.8	5,575,000
2020/11/26	798.6	802.3	788.7	798.4	798.4	8,553,400
2020/11/25	829.5	831.2	803.7	806.7	806.7	10,406,000
2020/11/24	837.0	839.3	818.8	819.2	819.2	7,148,600
2020/11/20	821.7	828.7	819.0	824.0	824.0	4,490,200
2020/11/19	814.9	824.3	812.0	824.3	824.3	5,643,300
2020/11/18	825.6	830.0	815.5	823.7	823.7	6,451,200
2020/11/17	842.2	844.4	829.6	837.8	837.8	7,767,700
2020/11/16	800.0	837.8	800.0	830.3	830.3	14,323,500
2020/11/13	760.1	763.9	752.1	759.4	759.4	4,480,600
2020/11/12	771.5	776.9	759.6	764.0	764.0	4,998,900
2020/11/11	779.6	792.4	775.2	781.1	781.1	7,547,900
2020/11/10	762.6	772.4	752.2	766.1	766.1	8,997,300
2020/11/09	739.8	743.1	732.4	740.0	740.0	4,460,300
2020/11/06	729.2	742.0	729.2	739.8	739.8	5,550,600
2020/11/05	731.0	734.8	723.6	731.8	731.8	4,760,200
2020/11/04	749.0	754.3	734.4	734.5	734.5	4,202,000
2020/11/02	725.5	741.6	725.5	737.3	737.3	4,869,400
2020/10/30	728.1	729.5	714.7	714.9	714.9	5,914,200
2020/10/29	719.0	730.9	718.3	726.4	726.4	3,886,300
2020/10/28	731.2	733.5	720.8	723.9	723.9	5,299,300
2020/10/27	743.5	744.7	737.6	741.6	741.6	3,450,200
2020/10/26	741.9	751.2	739.1	751.2	751.2	5,030,400
2020/10/23	736.8	741.8	729.9	741.6	741.6	4,074,300
2020/10/22	733.6	736.7	728.0	731.5	731.5	4,602,300
2020/10/21	723.6	736.9	723.6	735.7	735.7	4,773,700
2020/10/20	732.0	735.2	722.2	723.4	723.4	4,576,200
2020/10/19	738.5	742.8	734.2	735.1	735.1	3,101,800
2020/10/16	736.7	745.5	734.0	734.4	734.4	4,358,800
2020/10/15	735.0	744.3	734.5	739.9	739.9	3,022,800
2020/10/14	740.5	743.9	737.5	739.3	739.3	3,426,800
2020/10/13	740.0	746.0	738.6	745.8	745.8	3,694,900
2020/10/12	731.2	738.0	729.5	736.4	736.4	4,187,600
2020/10/09	738.3	740.7	730.9	733.2	733.2	3,287,700
2020/10/08	743.3	747.0	736.3	740.0	740.0	4,369,600
2020/10/07	729.1	742.7	726.5	740.7	740.7	5,221,000
2020/10/06	734.5	744.1	734.5	743.1	743.1	5,339,400
2020/10/05	723.5	731.1	720.8	731.1	731.1	6,144,000
2020/10/02	718.5	726.4	715.8	718.0	718.0	7,251,700
2020/09/30	730.0	737.1	715.8	715.8	715.8	10,662,200
2020/09/29	757.2	758.4	744.0	744.6	744.6	5,043,500
2020/09/28	748.8	759.9	746.2	759.9	759.9	8,430,400
2020/09/25	745.9	748.8	736.8	740.7	740.7	6,050,100
2020/09/24	740.0	743.8	735.0	743.6	743.6	5,459,900
2020/09/23	744.3	745.7	738.0	743.6	743.6	7,696,000
2020/09/18	755.0	763.4	753.4	759.3	759.3	6,999,200
2020/09/17	760.0	761.2	754.3	759.4	759.4	4,516,700
2020/09/16	758.0	759.5	746.4	756.8	756.8	6,724,900
2020/09/15	766.0	768.0	761.1	766.6	766.6	4,971,700
2020/09/14	765.0	776.1	762.3	769.9	769.9	4,592,300
2020/09/11	754.2	766.4	753.5	763.2	763.2	5,404,600
2020/09/10	757.7	765.5	750.5	764.9	764.9	5,032,000
2020/09/09	760.0	760.0	750.4	756.7	756.7	6,156,700
2020/09/08	766.8	775.1	762.0	775.0	775.0	4,959,600
2020/09/07	770.0	771.7	758.5	761.1	761.1	3,643,000
2020/09/04	770.0	775.7	760.6	766.1	766.1	4,496,200
2020/09/03	781.8	783.8	772.1	773.1	773.1	3,427,300
2020/09/02	776.2	777.0	766.3	770.4	770.4	4,213,200
2020/09/01	774.0	779.2	767.1	777.6	777.6	4,353,100
2020/08/31	792.0	794.7	783.1	783.7	783.7	3,413,800
2020/08/28	788.7	800.0	773.4	784.7	784.7	6,420,100
2020/08/27	782.9	784.0	770.0	777.3	777.3	3,918,700
2020/08/26	786.4	792.4	782.0	790.1	790.1	4,470,600
2020/08/25	786.7	786.7	779.5	783.7	783.7	4,406,100
2020/08/24	774.4	777.9	769.0	770.0	770.0	2,453,600
2020/08/21	780.0	785.3	769.4	773.2	773.2	4,128,900
2020/08/20	768.6	776.7	767.9	770.6	770.6	2,581,300
2020/08/19	760.0	770.9	758.5	768.6	768.6	4,111,200
2020/08/18	768.0	769.1	754.2	764.6	764.6	4,617,800
2020/08/17	779.8	783.5	773.1	773.1	773.1	3,325,300
2020/08/14	779.0	783.6	775.1	777.8	777.8	5,023,800
2020/08/13	794.4	798.9	784.6	786.9	786.9	7,617,500
2020/08/12	779.7	803.2	779.5	799.2	799.2	6,842,400
2020/08/11	760.3	778.5	759.1	774.7	774.7	6,662,800
2020/08/07	751.4	757.8	749.7	754.6	754.6	3,310,200
2020/08/06	749.9	754.0	745.0	748.8	748.8	3,137,000
2020/08/05	742.4	748.6	738.0	747.1	747.1	3,903,900
2020/08/04	728.0	756.2	726.2	754.8	754.8	5,830,600
2020/08/03	725.0	731.5	720.0	724.5	724.5	3,803,300
2020/07/31	738.0	738.9	716.4	717.3	717.3	6,293,100
2020/07/30	758.3	760.6	745.0	745.0	745.0	4,412,100
2020/07/29	760.4	762.9	756.1	758.3	758.3	3,484,300
2020/07/28	771.0	777.9	766.6	769.2	769.2	3,671,400
2020/07/27	765.9	776.0	756.6	775.7	775.7	4,924,500
2020/07/22	776.3	782.6	769.3	769.3	769.3	3,964,500
2020/07/21	773.7	777.4	767.5	773.4	773.4	3,690,200
2020/07/20	771.3	784.3	768.5	780.4	780.4	3,180,900
2020/07/17	790.0	791.7	779.0	779.0	779.0	2,554,200
2020/07/16	788.0	795.9	782.8	787.5	787.5	6,920,300
2020/07/15	789.2	794.5	779.0	784.0	784.0	4,013,500
2020/07/14	773.9	788.1	772.7	781.2	781.2	4,261,000
2020/07/13	765.8	778.8	765.3	776.2	776.2	5,898,400
2020/07/10	755.3	759.4	749.0	750.8	750.8	5,775,600
2020/07/09	760.0	765.9	757.1	757.5	757.5	4,223,200
2020/07/08	765.0	770.6	761.2	761.9	761.9	3,201,900
2020/07/07	770.5	774.5	760.8	769.6	769.6	4,421,700
2020/07/06	761.9	776.7	761.2	776.7	776.7	2,841,400
2020/07/03	769.4	771.0	756.2	762.6	762.6	2,485,900
2020/07/02	762.3	774.0	756.0	763.8	763.8	5,468,600
2020/07/01	779.9	779.9	760.7	764.9	764.9	6,059,300
2020/06/30	772.5	777.0	766.7	766.7	766.7	5,840,700
2020/06/29	765.3	767.7	751.7	758.1	758.1	6,556,000
2020/06/26	787.4	792.9	779.2	784.5	784.5	9,205,200
2020/06/25	770.5	770.5	758.6	764.5	764.5	5,353,000
2020/06/24	777.0	781.4	772.3	776.0	776.0	6,248,100
2020/06/23	789.8	797.6	781.7	790.5	790.5	4,602,100
2020/06/22	787.2	793.0	785.5	787.4	787.4	3,668,700
2020/06/19	804.3	805.4	786.6	787.0	787.0	10,503,000
2020/06/18	800.0	804.4	788.4	797.4	797.4	3,990,500
2020/06/17	812.0	818.6	805.3	810.4	810.4	3,159,000
2020/06/16	803.4	828.9	801.0	823.1	823.1	7,325,100
2020/06/15	799.2	805.9	776.0	776.0	776.0	4,884,300
2020/06/12	786.2	800.5	778.6	799.6	799.6	8,006,200
2020/06/11	828.8	833.7	804.4	806.7	806.7	6,897,400
2020/06/10	840.0	851.5	833.5	848.8	848.8	6,078,700
2020/06/09	854.1	861.6	841.5	851.0	851.0	6,679,400
2020/06/08	823.1	852.7	818.4	852.1	852.1	8,536,900
2020/06/05	804.1	808.9	794.7	808.6	808.6	5,105,500
2020/06/04	808.0	812.2	791.3	796.8	796.8	6,368,100
2020/06/03	789.5	800.4	788.3	796.9	796.9	7,053,200
2020/06/02	772.9	786.4	772.9	780.8	780.8	5,039,000
2020/06/01	785.9	790.7	773.3	777.0	777.0	5,551,900
2020/05/29	784.7	789.7	777.7	784.1	784.1	12,258,800
2020/05/28	786.3	799.2	776.2	790.0	790.0	9,104,700
2020/05/27	752.0	784.2	751.5	782.9	782.9	10,945,000
2020/05/26	758.6	759.2	750.6	750.8	750.8	8,267,300
2020/05/25	750.6	754.1	747.1	750.5	750.5	4,224,300
2020/05/22	759.0	761.5	743.0	745.0	745.0	7,977,400
2020/05/21	755.5	759.0	752.0	752.0	752.0	5,568,800
2020/05/20	759.9	763.5	754.0	754.2	754.2	8,919,600
2020/05/19	771.0	777.2	753.3	764.6	764.6	14,374,600
2020/05/18	794.9	798.6	752.0	760.0	760.0	18,113,600
2020/05/15	842.0	842.6	828.1	836.8	836.8	3,509,700
2020/05/14	835.3	845.5	828.1	828.1	828.1	4,166,700
2020/05/13	835.4	845.3	833.2	843.5	843.5	3,599,700
2020/05/12	859.9	860.5	844.7	845.3	845.3	4,645,300
2020/05/11	823.4	867.3	822.1	866.4	866.4	6,899,600
2020/05/08	813.0	816.4	805.0	814.1	814.1	5,626,500
2020/05/07	814.6	818.6	802.1	803.7	803.7	8,504,900
2020/05/01	858.1	858.8	836.2	840.7	840.7	3,754,000
2020/04/30	878.0	883.1	859.7	864.8	864.8	6,642,500
2020/04/28	855.6	864.2	850.8	862.0	862.0	3,635,400
2020/04/27	843.4	856.9	837.9	856.9	856.9	5,027,100
2020/04/24	828.0	834.1	826.5	833.5	833.5	4,011,400
2020/04/23	826.2	833.7	818.6	833.7	833.7	4,016,800
2020/04/22	814.6	827.0	812.6	823.3	823.3	4,028,400
2020/04/21	808.4	822.5	807.7	822.4	822.4	4,377,400
2020/04/20	811.0	823.1	810.5	816.5	816.5	3,323,500
2020/04/17	830.2	838.5	821.5	824.5	824.5	4,348,800
2020/04/16	818.2	829.7	813.5	828.2	828.2	4,898,900
2020/04/15	839.7	844.1	829.3	833.2	833.2	6,304,800
2020/04/14	825.9	850.0	823.2	849.8	849.8	6,722,800
2020/04/13	842.5	850.9	831.7	832.5	832.5	3,024,900
2020/04/10	830.4	851.5	824.0	851.3	851.3	6,000,200
2020/04/09	845.0	845.0	818.1	829.8	829.8	9,432,300
2020/04/08	851.1	856.0	826.0	834.5	834.5	8,446,400
2020/04/07	845.4	856.4	830.1	848.7	848.7	6,086,300
2020/04/06	807.0	842.8	799.5	834.2	834.2	7,217,600
2020/04/03	800.0	818.5	798.6	808.5	808.5	6,498,500
2020/04/02	813.2	823.9	801.5	805.3	805.3	6,437,500
2020/04/01	835.9	857.8	816.7	828.2	828.2	6,966,500
2020/03/31	845.4	868.0	840.9	845.7	845.7	9,800,300
2020/03/30	830.0	851.1	820.3	851.1	851.1	9,453,100
2020/03/27	887.3	893.5	864.3	890.1	890.1	11,241,400
2020/03/26	870.0	875.9	850.0	868.2	868.2	9,265,100
2020/03/25	841.3	873.1	831.4	873.0	873.0	9,250,800
2020/03/24	804.2	812.6	791.4	811.3	811.3	10,388,700
2020/03/23	755.0	780.1	741.6	774.2	774.2	13,589,000
2020/03/19	793.2	808.6	750.2	760.9	760.9	13,987,600
2020/03/18	787.0	812.0	762.4	765.8	765.8	10,254,100
2020/03/17	733.0	779.0	730.9	773.7	773.7	13,825,600
2020/03/16	759.6	776.9	745.0	746.7	746.7	9,229,900
2020/03/13	744.3	789.1	728.5	759.5	759.5	14,860,300
2020/03/12	807.4	813.4	787.3	797.7	797.7	12,589,600
2020/03/11	818.4	844.8	815.5	822.4	822.4	8,964,200
2020/03/10	800.0	832.9	778.0	826.0	826.0	16,403,500
2020/03/09	856.0	862.1	821.6	824.0	824.0	13,364,300
2020/03/06	900.7	901.9	884.6	884.6	884.6	13,158,500
2020/03/05	914.8	921.4	910.2	914.9	914.9	7,709,800
2020/03/04	905.0	915.9	901.3	907.9	907.9	9,324,200
2020/03/03	943.9	945.1	920.0	920.0	920.0	9,065,800
2020/03/02	930.0	944.8	926.0	933.3	933.3	11,453,000
2020/02/28	945.4	952.0	936.1	940.7	940.7	12,655,100
2020/02/27	977.2	977.2	962.0	965.0	965.0	11,085,700
2020/02/26	984.0	986.3	977.2	982.4	982.4	8,558,800
2020/02/25	989.0	991.0	978.3	985.9	985.9	11,405,100
2020/02/21	1,002.0	1,009.5	1,001.0	1,003.5	1,003.5	3,187,400
2020/02/20	1,008.5	1,016.5	1,002.5	1,005.0	1,005.0	3,579,300
2020/02/19	1,013.0	1,013.5	1,005.5	1,005.5	1,005.5	4,243,700
2020/02/18	1,004.0	1,012.5	1,004.0	1,011.5	1,011.5	4,145,500
2020/02/17	1,010.0	1,015.5	1,005.5	1,005.5	1,005.5	4,284,600
2020/02/14	1,006.0	1,007.0	1,000.5	1,002.0	1,002.0	4,065,700
2020/02/13	1,012.0	1,014.0	1,005.0	1,009.5	1,009.5	3,551,700
2020/02/12	1,020.0	1,020.5	1,009.0	1,011.0	1,011.0	6,407,500
2020/02/10	1,025.5	1,027.0	1,019.0	1,020.5	1,020.5	3,974,300
2020/02/07	1,040.5	1,041.0	1,030.0	1,030.5	1,030.5	3,816,300
2020/02/06	1,036.0	1,048.5	1,036.0	1,040.5	1,040.5	8,321,900
2020/02/05	1,010.0	1,024.0	1,007.5	1,020.5	1,020.5	6,430,500
2020/02/04	992.0	1,007.0	991.0	1,006.5	1,006.5	4,987,900
2020/02/03	990.0	1,002.0	987.1	996.7	996.7	7,132,500
2020/01/31	994.0	1,004.5	992.5	996.3	996.3	7,538,500
2020/01/30	995.6	998.0	990.1	993.7	993.7	8,151,700
2020/01/29	995.1	998.7	992.0	995.5	995.5	9,989,100
2020/01/28	1,000.0	1,001.5	993.7	994.0	994.0	17,071,800
2020/01/27	1,006.0	1,010.0	1,004.0	1,006.0	1,006.0	5,650,800
2020/01/24	1,017.0	1,018.0	1,011.0	1,011.5	1,011.5	5,407,600
2020/01/23	1,022.5	1,026.0	1,020.0	1,021.0	1,021.0	4,344,900
2020/01/22	1,019.0	1,024.5	1,018.0	1,023.0	1,023.0	3,948,800
2020/01/21	1,025.0	1,026.5	1,019.0	1,019.0	1,019.0	5,177,500
2020/01/20	1,026.0	1,032.5	1,026.0	1,028.5	1,028.5	3,345,900
2020/01/17	1,024.0	1,027.0	1,021.5	1,027.0	1,027.0	4,571,800
2020/01/16	1,016.0	1,021.5	1,013.5	1,021.0	1,021.0	4,344,200
2020/01/15	1,024.0	1,026.5	1,020.5	1,023.0	1,023.0	6,640,800
2020/01/14	1,032.0	1,033.5	1,024.5	1,030.5	1,030.5	5,650,200
2020/01/10	1,026.0	1,026.5	1,020.0	1,021.0	1,021.0	5,431,600
2020/01/09	1,025.5	1,033.0	1,025.5	1,026.5	1,026.5	5,699,700
2020/01/08	1,015.0	1,028.0	1,012.5	1,022.0	1,022.0	6,784,600
2020/01/07	1,019.5	1,034.5	1,018.5	1,030.5	1,030.5	5,396,900
2020/01/06	1,016.0	1,019.0	1,012.5	1,016.0	1,016.0	5,920,500
2019/12/30	1,037.0	1,037.5	1,026.0	1,026.0	1,026.0	5,513,200
2019/12/27	1,026.5	1,038.5	1,026.0	1,037.0	1,037.0	4,731,200
2019/12/26	1,016.5	1,026.5	1,016.0	1,020.0	1,020.0	5,530,000
2019/12/25	1,020.0	1,022.0	1,012.0	1,013.0	1,013.0	4,200,600
2019/12/24	1,030.0	1,031.5	1,019.0	1,020.5	1,020.5	5,531,200
2019/12/23	1,048.5	1,048.5	1,033.0	1,034.0	1,034.0	7,434,500
2019/12/20	1,030.0	1,042.5	1,028.0	1,039.0	1,039.0	7,873,700
2019/12/19	1,040.0	1,040.5	1,025.5	1,025.5	1,025.5	7,087,600
2019/12/18	1,050.0	1,053.5	1,044.0	1,047.5	1,047.5	5,278,000
2019/12/17	1,055.5	1,059.0	1,043.0	1,052.5	1,052.5	6,583,800
2019/12/16	1,056.5	1,063.0	1,054.0	1,060.0	1,060.0	4,171,800
2019/12/13	1,060.5	1,063.0	1,055.5	1,061.0	1,061.0	7,342,900
2019/12/12	1,045.0	1,049.0	1,043.0	1,049.0	1,049.0	4,218,200
2019/12/11	1,047.5	1,053.0	1,045.0	1,049.5	1,049.5	4,464,500
2019/12/10	1,055.0	1,056.0	1,046.0	1,047.0	1,047.0	5,075,800
2019/12/09	1,054.0	1,059.0	1,052.5	1,059.0	1,059.0	4,963,300
2019/12/06	1,045.5	1,047.5	1,043.5	1,046.0	1,046.0	3,745,900
2019/12/05	1,042.0	1,044.0	1,037.0	1,041.0	1,041.0	4,585,800
2019/12/04	1,027.0	1,036.0	1,025.5	1,036.0	1,036.0	3,969,300
2019/12/03	1,033.0	1,035.0	1,028.0	1,033.5	1,033.5	3,792,100
2019/12/02	1,028.0	1,043.0	1,028.0	1,036.5	1,036.5	5,264,800
2019/11/29	1,029.5	1,034.0	1,026.5	1,029.0	1,029.0	3,499,200
2019/11/28	1,030.0	1,034.5	1,024.5	1,029.0	1,029.0	2,938,300
2019/11/27	1,034.0	1,034.5	1,028.0	1,030.5	1,030.5	5,086,200
2019/11/26	1,040.0	1,042.0	1,030.0	1,040.5	1,040.5	11,199,100
2019/11/25	1,025.0	1,030.5	1,021.0	1,030.5	1,030.5	4,214,400
2019/11/22	1,020.0	1,022.0	1,015.0	1,016.5	1,016.5	3,484,900
2019/11/21	1,017.0	1,018.5	1,005.5	1,018.5	1,018.5	4,623,200
2019/11/20	1,022.0	1,029.0	1,015.0	1,016.0	1,016.0	4,186,600
2019/11/19	1,042.0	1,043.0	1,026.5	1,029.5	1,029.5	3,284,600
2019/11/18	1,045.0	1,045.5	1,028.5	1,039.5	1,039.5	5,266,700
2019/11/15	1,008.0	1,058.5	1,007.5	1,054.0	1,054.0	15,476,100
2019/11/14	1,005.5	1,008.0	998.0	1,002.0	1,002.0	6,577,300
2019/11/13	1,011.0	1,013.0	1,006.5	1,006.5	1,006.5	5,384,200
2019/11/12	1,021.0	1,021.0	1,009.0	1,012.5	1,012.5	6,752,300
2019/11/11	1,023.0	1,027.0	1,019.5	1,020.0	1,020.0	4,211,100
2019/11/08	1,016.0	1,023.0	1,011.0	1,017.0	1,017.0	5,474,500
2019/11/07	1,012.0	1,014.0	1,008.5	1,011.5	1,011.5	4,201,700
2019/11/06	1,010.0	1,015.0	1,008.0	1,014.5	1,014.5	5,266,100
2019/11/05	998.4	1,008.0	997.3	1,007.5	1,007.5	6,078,400
2019/11/01	995.0	998.4	993.1	998.4	998.4	5,387,700
2019/10/31	999.0	1,003.0	995.2	996.0	996.0	9,309,500
2019/10/30	1,005.0	1,007.0	1,000.0	1,001.0	1,001.0	5,150,600
2019/10/29	1,000.0	1,004.0	998.0	1,004.0	1,004.0	4,274,800
2019/10/28	1,004.0	1,004.0	995.0	996.0	996.0	4,418,000
2019/10/25	1,004.0	1,006.0	994.0	1,000.0	1,000.0	4,447,000
2019/10/24	1,002.0	1,007.0	1,000.0	1,002.0	1,002.0	4,094,700
2019/10/23	996.0	1,002.0	994.0	999.0	999.0	4,545,800
2019/10/21	979.0	994.0	978.0	994.0	994.0	4,945,200
2019/10/18	980.0	986.0	980.0	981.0	981.0	4,056,400
2019/10/17	990.0	993.0	983.0	983.0	983.0	5,557,700
2019/10/16	1,004.0	1,005.0	995.0	999.0	999.0	5,735,600
2019/10/15	989.0	994.0	986.0	994.0	994.0	5,394,500
2019/10/11	981.0	982.0	974.0	981.0	981.0	5,371,500
2019/10/10	976.0	980.0	971.0	974.0	974.0	5,725,600
2019/10/09	982.0	988.0	979.0	980.0	980.0	5,394,100
2019/10/08	987.0	996.0	987.0	996.0	996.0	5,517,600
2019/10/07	986.0	987.0	976.0	981.0	981.0	3,566,300
2019/10/04	970.0	977.0	968.0	977.0	977.0	4,194,600
2019/10/03	976.0	981.0	967.0	980.0	980.0	5,708,100
2019/10/02	986.0	992.0	984.0	987.0	987.0	5,428,800
2019/10/01	997.0	1,004.0	991.0	995.0	995.0	6,782,100
2019/09/30	1,000.0	1,004.0	992.0	995.0	995.0	6,209,600
2019/09/27	1,007.0	1,013.0	996.0	1,006.0	1,006.0	8,281,400
2019/09/26	1,040.0	1,041.0	1,029.0	1,034.0	1,034.0	9,532,600
2019/09/25	1,016.0	1,035.0	1,015.0	1,033.0	1,033.0	7,138,200
2019/09/24	1,035.0	1,037.0	1,014.0	1,014.0	1,014.0	14,248,700
2019/09/20	1,045.0	1,052.0	1,041.0	1,049.0	1,049.0	10,196,500
2019/09/19	1,035.0	1,051.0	1,035.0	1,038.0	1,038.0	7,955,800
2019/09/18	1,029.0	1,030.0	1,021.0	1,028.0	1,028.0	6,053,400
2019/09/17	1,036.0	1,038.0	1,027.0	1,029.0	1,029.0	6,756,800
2019/09/13	1,020.0	1,030.0	1,010.0	1,028.0	1,028.0	8,834,000
2019/09/12	1,022.0	1,027.0	1,008.0	1,024.0	1,024.0	8,518,400
2019/09/11	1,008.0	1,018.0	997.0	1,013.0	1,013.0	8,796,000
2019/09/10	977.0	1,001.0	975.0	999.0	999.0	7,721,100
2019/09/09	969.0	977.0	968.0	971.0	971.0	4,188,100
2019/09/06	966.0	968.0	963.0	966.0	966.0	4,702,800
2019/09/05	952.0	969.0	952.0	962.0	962.0	6,965,700
2019/09/04	965.0	965.0	951.0	952.0	952.0	6,553,400
2019/09/03	967.0	974.0	966.0	968.0	968.0	4,003,200
2019/09/02	962.0	970.0	960.0	968.0	968.0	4,184,300
2019/08/30	966.0	969.0	958.0	966.0	966.0	5,640,500
2019/08/29	958.0	965.0	953.0	957.0	957.0	4,716,200
2019/08/28	949.0	963.0	948.0	958.0	958.0	4,435,700
2019/08/27	956.0	959.0	947.0	951.0	951.0	6,343,700
2019/08/26	948.0	948.0	938.0	945.0	945.0	8,129,300
2019/08/23	961.0	964.0	941.0	962.0	962.0	10,243,400
2019/08/22	976.0	976.0	965.0	966.0	966.0	6,350,600
2019/08/21	989.0	990.0	980.0	981.0	981.0	3,922,300
2019/08/20	995.0	999.0	992.0	995.0	995.0	3,153,200
2019/08/19	992.0	996.0	987.0	995.0	995.0	2,766,000
2019/08/16	987.0	995.0	985.0	992.0	992.0	4,580,900
2019/08/15	983.0	989.0	976.0	984.0	984.0	6,198,500
2019/08/14	1,006.0	1,011.0	996.0	997.0	997.0	4,283,700
2019/08/13	1,005.0	1,005.0	994.0	1,002.0	1,002.0	6,298,100
2019/08/09	1,010.0	1,014.0	1,002.0	1,005.0	1,005.0	6,135,300
2019/08/08	1,017.0	1,020.0	1,011.0	1,013.0	1,013.0	5,136,600
2019/08/07	1,031.0	1,034.0	1,022.0	1,024.0	1,024.0	5,021,700
2019/08/06	1,012.0	1,038.0	1,010.0	1,035.0	1,035.0	6,036,000
2019/08/05	1,040.0	1,041.0	1,024.0	1,030.0	1,030.0	6,857,300
2019/08/02	1,050.0	1,053.0	1,045.0	1,052.0	1,052.0	7,424,600
2019/08/01	1,055.0	1,064.0	1,052.0	1,064.0	1,064.0	5,681,200
2019/07/31	1,051.0	1,071.0	1,050.0	1,068.0	1,068.0	7,604,300
2019/07/30	1,070.0	1,077.0	1,060.0	1,063.0	1,063.0	6,677,400
2019/07/29	1,089.0	1,089.0	1,076.0	1,078.0	1,078.0	5,535,300
2019/07/26	1,097.0	1,101.0	1,092.0	1,096.0	1,096.0	5,298,000
2019/07/25	1,091.0	1,098.0	1,087.0	1,096.0	1,096.0	4,219,500
2019/07/24	1,095.0	1,098.0	1,091.0	1,092.0	1,092.0	4,712,000
2019/07/23	1,090.0	1,100.0	1,087.0	1,096.0	1,096.0	5,235,100
2019/07/22	1,100.0	1,105.0	1,095.0	1,097.0	1,097.0	5,104,100
2019/07/19	1,106.0	1,109.0	1,101.0	1,102.0	1,102.0	7,680,500
2019/07/18	1,128.0	1,129.0	1,107.0	1,111.0	1,111.0	9,052,200
2019/07/17	1,141.0	1,145.0	1,127.0	1,127.0	1,127.0	7,199,000
2019/07/16	1,162.0	1,163.0	1,143.0	1,146.0	1,146.0	8,518,900
2019/07/12	1,191.0	1,192.0	1,180.0	1,180.0	1,180.0	6,274,700
2019/07/11	1,195.0	1,206.0	1,189.0	1,195.0	1,195.0	6,791,500
2019/07/10	1,213.0	1,217.0	1,201.0	1,205.0	1,205.0	5,694,100
2019/07/09	1,221.0	1,233.0	1,220.0	1,221.0	1,221.0	2,867,700
2019/07/08	1,224.0	1,229.0	1,216.0	1,219.0	1,219.0	3,402,900
2019/07/05	1,228.0	1,232.0	1,223.0	1,227.0	1,227.0	2,437,900
2019/07/04	1,232.0	1,234.0	1,228.0	1,232.0	1,232.0	1,726,600
2019/07/03	1,230.0	1,235.0	1,226.0	1,231.0	1,231.0	4,207,900
2019/07/02	1,242.0	1,248.0	1,240.0	1,243.0	1,243.0	3,498,500
2019/07/01	1,245.0	1,246.0	1,230.0	1,241.0	1,241.0	5,523,400
2019/06/28	1,227.0	1,231.0	1,214.0	1,220.0	1,220.0	4,384,800
2019/06/27	1,222.0	1,231.0	1,218.0	1,231.0	1,231.0	4,473,000
2019/06/26	1,207.0	1,228.0	1,206.0	1,228.0	1,228.0	7,871,100
2019/06/25	1,199.0	1,210.0	1,198.0	1,207.0	1,207.0	3,732,200
2019/06/24	1,197.0	1,205.0	1,197.0	1,202.0	1,202.0	3,084,000
2019/06/21	1,206.0	1,218.0	1,197.0	1,208.0	1,208.0	7,863,600
2019/06/20	1,200.0	1,214.0	1,200.0	1,213.0	1,213.0	3,986,800
2019/06/19	1,195.0	1,202.0	1,194.0	1,201.0	1,201.0	3,077,300
2019/06/18	1,186.0	1,193.0	1,185.0	1,189.0	1,189.0	3,746,300
2019/06/17	1,197.0	1,199.0	1,191.0	1,191.0	1,191.0	3,624,800
2019/06/14	1,205.0	1,205.0	1,199.0	1,203.0	1,203.0	3,010,300
2019/06/13	1,205.0	1,212.0	1,197.0	1,209.0	1,209.0	4,157,100
2019/06/12	1,215.0	1,217.0	1,205.0	1,208.0	1,208.0	2,538,200
2019/06/11	1,205.0	1,216.0	1,204.0	1,213.0	1,213.0	3,132,400
2019/06/10	1,216.0	1,218.0	1,201.0	1,207.0	1,207.0	3,481,600
2019/06/07	1,222.0	1,224.0	1,205.0	1,212.0	1,212.0	2,420,300
2019/06/06	1,218.0	1,220.0	1,212.0	1,214.0	1,214.0	3,311,500
2019/06/05	1,218.0	1,228.0	1,215.0	1,220.0	1,220.0	6,267,800
2019/06/04	1,211.0	1,211.0	1,195.0	1,200.0	1,200.0	3,543,900
2019/06/03	1,192.0	1,212.0	1,187.0	1,210.0	1,210.0	5,212,800
2019/05/31	1,214.0	1,218.0	1,200.0	1,202.0	1,202.0	5,429,800
2019/05/30	1,209.0	1,220.0	1,209.0	1,220.0	1,220.0	3,891,700
2019/05/29	1,204.0	1,214.0	1,197.0	1,214.0	1,214.0	4,229,600
2019/05/28	1,209.0	1,225.0	1,203.0	1,214.0	1,214.0	11,828,300
2019/05/27	1,208.0	1,215.0	1,206.0	1,212.0	1,212.0	2,912,500
2019/05/24	1,200.0	1,212.0	1,194.0	1,208.0	1,208.0	5,113,300
2019/05/23	1,202.0	1,206.0	1,198.0	1,206.0	1,206.0	3,926,700
2019/05/22	1,217.0	1,218.0	1,201.0	1,203.0	1,203.0	3,727,800
2019/05/21	1,209.0	1,217.0	1,205.0	1,217.0	1,217.0	4,493,900
2019/05/20	1,200.0	1,209.0	1,197.0	1,209.0	1,209.0	4,598,700
2019/05/17	1,196.0	1,204.0	1,188.0	1,198.0	1,198.0	4,969,100
2019/05/16	1,196.0	1,199.0	1,185.0	1,199.0	1,199.0	5,649,500
2019/05/15	1,212.0	1,214.0	1,197.0	1,203.0	1,203.0	5,852,900
2019/05/14	1,202.0	1,207.0	1,194.0	1,206.0	1,206.0	5,158,400
2019/05/13	1,217.0	1,219.0	1,211.0	1,213.0	1,213.0	3,519,600
2019/05/10	1,219.0	1,222.0	1,213.0	1,216.0	1,216.0	7,643,000
2019/05/09	1,233.0	1,233.0	1,218.0	1,228.0	1,228.0	6,567,300
2019/05/08	1,242.0	1,246.0	1,222.0	1,233.0	1,233.0	5,516,800
2019/05/07	1,248.0	1,250.0	1,232.0	1,241.0	1,241.0	5,567,400
2019/04/26	1,240.0	1,246.0	1,236.0	1,243.0	1,243.0	5,980,700
2019/04/25	1,227.0	1,241.0	1,223.0	1,238.0	1,238.0	5,772,300
2019/04/24	1,233.0	1,235.0	1,218.0	1,219.0	1,219.0	5,712,400
2019/04/23	1,220.0	1,236.0	1,219.0	1,232.0	1,232.0	4,081,100
2019/04/22	1,216.0	1,221.0	1,215.0	1,218.0	1,218.0	2,823,400
2019/04/19	1,230.0	1,230.0	1,215.0	1,216.0	1,216.0	5,097,100
2019/04/18	1,244.0	1,246.0	1,229.0	1,232.0	1,232.0	5,087,000
2019/04/17	1,245.0	1,251.0	1,239.0	1,239.0	1,239.0	4,182,600
2019/04/16	1,244.0	1,248.0	1,239.0	1,243.0	1,243.0	4,070,300
2019/04/15	1,255.0	1,259.0	1,247.0	1,251.0	1,251.0	6,116,600
2019/04/12	1,251.0	1,252.0	1,239.0	1,240.0	1,240.0	4,633,800
2019/04/11	1,249.0	1,252.0	1,234.0	1,248.0	1,248.0	6,001,200
2019/04/10	1,274.0	1,274.0	1,241.0	1,249.0	1,249.0	9,115,300
2019/04/09	1,286.0	1,289.0	1,281.0	1,286.0	1,286.0	3,763,800
2019/04/08	1,300.0	1,305.0	1,288.0	1,292.0	1,292.0	5,489,200
2019/04/05	1,300.0	1,313.0	1,300.0	1,303.0	1,303.0	6,023,400
2019/04/04	1,313.0	1,315.0	1,297.0	1,300.0	1,300.0	4,459,500
2019/04/03	1,322.0	1,325.0	1,315.0	1,317.0	1,317.0	4,591,400
2019/04/02	1,317.0	1,322.0	1,313.0	1,315.0	1,315.0	4,495,500
2019/04/01	1,298.0	1,311.0	1,295.0	1,305.0	1,305.0	5,234,200
2019/03/29	1,300.0	1,308.0	1,295.0	1,296.0	1,296.0	3,944,400
2019/03/28	1,309.0	1,312.0	1,294.0	1,299.0	1,299.0	5,839,700
2019/03/27	1,314.0	1,318.0	1,299.0	1,316.0	1,316.0	6,517,900
2019/03/26	1,315.0	1,325.0	1,312.0	1,324.0	1,324.0	9,116,900
2019/03/25	1,310.0	1,313.0	1,300.0	1,309.0	1,309.0	5,958,600
2019/03/22	1,313.0	1,317.0	1,298.0	1,317.0	1,317.0	7,011,300
2019/03/20	1,315.0	1,321.0	1,311.0	1,312.0	1,312.0	5,274,600
2019/03/19	1,322.0	1,328.0	1,316.0	1,317.0	1,317.0	4,154,600
2019/03/18	1,319.0	1,321.0	1,311.0	1,315.0	1,315.0	4,925,300
2019/03/15	1,314.0	1,323.0	1,314.0	1,319.0	1,319.0	6,996,400
2019/03/14	1,334.0	1,341.0	1,312.0	1,312.0	1,312.0	7,602,600
2019/03/13	1,336.0	1,346.0	1,331.0	1,335.0	1,335.0	3,753,000
2019/03/12	1,340.0	1,351.0	1,340.0	1,342.0	1,342.0	5,060,100
2019/03/11	1,330.0	1,334.0	1,324.0	1,328.0	1,328.0	4,152,600
2019/03/08	1,344.0	1,347.0	1,323.0	1,326.0	1,326.0	6,137,200
2019/03/07	1,350.0	1,357.0	1,344.0	1,355.0	1,355.0	3,340,800
2019/03/06	1,357.0	1,357.0	1,346.0	1,350.0	1,350.0	3,642,600
2019/03/05	1,360.0	1,363.0	1,350.0	1,355.0	1,355.0	3,927,700
2019/03/04	1,360.0	1,364.0	1,353.0	1,358.0	1,358.0	3,226,400
2019/03/01	1,355.0	1,360.0	1,347.0	1,353.0	1,353.0	4,491,400
2019/02/28	1,353.0	1,360.0	1,353.0	1,355.0	1,355.0	5,478,200
2019/02/27	1,347.0	1,354.0	1,345.0	1,351.0	1,351.0	4,402,000
2019/02/26	1,349.0	1,351.0	1,343.0	1,344.0	1,344.0	3,747,800
2019/02/25	1,345.0	1,350.0	1,340.0	1,346.0	1,346.0	3,316,400
2019/02/22	1,338.0	1,346.0	1,336.0	1,338.0	1,338.0	4,410,000
2019/02/21	1,353.0	1,353.0	1,333.0	1,345.0	1,345.0	4,888,100
2019/02/20	1,364.0	1,369.0	1,356.0	1,356.0	1,356.0	5,161,100
2019/02/19	1,348.0	1,362.0	1,348.0	1,358.0	1,358.0	4,988,400
2019/02/18	1,353.0	1,360.0	1,350.0	1,355.0	1,355.0	5,530,900
2019/02/15	1,345.0	1,345.0	1,334.0	1,343.0	1,343.0	5,071,700
2019/02/14	1,329.0	1,344.0	1,324.0	1,337.0	1,337.0	5,989,400
2019/02/13	1,328.0	1,335.0	1,320.0	1,333.0	1,333.0	5,040,900
2019/02/12	1,324.0	1,332.0	1,321.0	1,322.0	1,322.0	5,978,300
2019/02/08	1,312.0	1,318.0	1,300.0	1,309.0	1,309.0	5,416,900
2019/02/07	1,329.0	1,330.0	1,317.0	1,322.0	1,322.0	4,628,500
2019/02/06	1,339.0	1,343.0	1,334.0	1,335.0	1,335.0	2,983,900
2019/02/05	1,344.0	1,346.0	1,336.0	1,339.0	1,339.0	4,363,200
2019/02/04	1,335.0	1,353.0	1,334.0	1,348.0	1,348.0	5,923,000
2019/02/01	1,339.0	1,343.0	1,324.0	1,324.0	1,324.0	3,979,800
2019/01/31	1,338.0	1,344.0	1,328.0	1,337.0	1,337.0	5,501,600
2019/01/30	1,327.0	1,332.0	1,323.0	1,325.0	1,325.0	4,818,700
2019/01/29	1,323.0	1,335.0	1,322.0	1,329.0	1,329.0	4,387,000
2019/01/28	1,335.0	1,338.0	1,325.0	1,327.0	1,327.0	4,176,400
2019/01/25	1,334.0	1,343.0	1,328.0	1,328.0	1,328.0	4,578,200
2019/01/24	1,339.0	1,353.0	1,337.0	1,343.0	1,343.0	6,923,700
2019/01/23	1,345.0	1,350.0	1,336.0	1,336.0	1,336.0	4,840,000
2019/01/22	1,349.0	1,355.0	1,343.0	1,352.0	1,352.0	3,636,800
2019/01/21	1,357.0	1,357.0	1,343.0	1,352.0	1,352.0	4,879,500
2019/01/18	1,353.0	1,360.0	1,349.0	1,349.0	1,349.0	6,224,600
2019/01/17	1,348.0	1,359.0	1,340.0	1,355.0	1,355.0	8,151,900
2019/01/16	1,333.0	1,344.0	1,325.0	1,344.0	1,344.0	8,046,100
2019/01/15	1,330.0	1,339.0	1,320.0	1,336.0	1,336.0	8,062,500
2019/01/11	1,310.0	1,321.0	1,305.0	1,321.0	1,321.0	7,047,600
2019/01/10	1,292.0	1,306.0	1,283.0	1,305.0	1,305.0	7,812,800
2019/01/09	1,301.0	1,309.0	1,294.0	1,302.0	1,302.0	6,467,200
2019/01/08	1,284.0	1,298.0	1,279.0	1,284.0	1,284.0	6,823,000
2019/01/07	1,281.0	1,289.0	1,275.0	1,286.0	1,286.0	7,023,200
2019/01/04	1,251.0	1,272.0	1,242.0	1,265.0	1,265.0	7,954,900
2018/12/28	1,258.0	1,275.0	1,254.0	1,265.0	1,265.0	6,090,100
2018/12/27	1,285.0	1,292.0	1,260.0	1,262.0	1,262.0	10,065,700
2018/12/26	1,247.0	1,257.0	1,234.0	1,247.0	1,247.0	7,157,800
2018/12/25	1,240.0	1,245.0	1,220.0	1,238.0	1,238.0	8,202,500
2018/12/21	1,299.0	1,300.0	1,254.0	1,265.0	1,265.0	13,320,400
2018/12/20	1,279.0	1,288.0	1,263.0	1,269.0	1,269.0	7,823,000
2018/12/19	1,289.0	1,289.0	1,263.0	1,272.0	1,272.0	10,020,400
2018/12/18	1,301.0	1,302.0	1,279.0	1,285.0	1,285.0	7,668,800
2018/12/17	1,290.0	1,315.0	1,290.0	1,301.0	1,301.0	6,112,900
2018/12/14	1,304.0	1,305.0	1,281.0	1,288.0	1,288.0	10,236,800
2018/12/13	1,313.0	1,314.0	1,300.0	1,302.0	1,302.0	7,968,900
2018/12/12	1,307.0	1,321.0	1,307.0	1,312.0	1,312.0	7,680,800
2018/12/11	1,310.0	1,316.0	1,300.0	1,307.0	1,307.0	8,426,100
2018/12/10	1,310.0	1,315.0	1,302.0	1,313.0	1,313.0	7,407,300
2018/12/07	1,328.0	1,333.0	1,313.0	1,324.0	1,324.0	12,685,100
2018/12/06	1,317.0	1,323.0	1,307.0	1,313.0	1,313.0	7,898,300
2018/12/05	1,328.0	1,328.0	1,308.0	1,322.0	1,322.0	8,770,500
2018/12/04	1,356.0	1,356.0	1,328.0	1,332.0	1,332.0	10,938,600
2018/12/03	1,379.0	1,379.0	1,362.0	1,365.0	1,365.0	8,931,600
2018/11/30	1,369.0	1,382.0	1,362.0	1,382.0	1,382.0	24,804,000
2018/11/29	1,392.0	1,394.0	1,374.0	1,379.0	1,379.0	7,693,300
2018/11/28	1,387.0	1,395.0	1,383.0	1,391.0	1,391.0	12,494,300
2018/11/27	1,372.0	1,383.0	1,368.0	1,383.0	1,383.0	8,770,300
2018/11/26	1,373.0	1,374.0	1,357.0	1,368.0	1,368.0	8,468,600
2018/11/22	1,366.0	1,374.0	1,356.0	1,367.0	1,367.0	7,376,200
2018/11/21	1,385.0	1,386.0	1,366.0	1,371.0	1,371.0	8,398,900
2018/11/20	1,388.0	1,394.0	1,380.0	1,391.0	1,391.0	9,110,300
2018/11/19	1,388.0	1,395.0	1,385.0	1,392.0	1,392.0	14,652,400
2018/11/16	1,369.0	1,390.0	1,366.0	1,388.0	1,388.0	15,593,500
2018/11/15	1,380.0	1,396.0	1,362.0	1,371.0	1,371.0	23,136,500
2018/11/14	1,350.0	1,365.0	1,349.0	1,361.0	1,361.0	9,887,300
2018/11/13	1,358.0	1,359.0	1,333.0	1,350.0	1,350.0	8,774,600
2018/11/12	1,373.0	1,378.0	1,368.0	1,374.0	1,374.0	6,995,300
2018/11/09	1,370.0	1,378.0	1,364.0	1,374.0	1,374.0	9,000,500
2018/11/08	1,358.0	1,371.0	1,357.0	1,369.0	1,369.0	10,971,300
2018/11/07	1,348.0	1,356.0	1,333.0	1,339.0	1,339.0	9,416,800
2018/11/06	1,329.0	1,344.0	1,326.0	1,338.0	1,338.0	6,506,100
2018/11/05	1,328.0	1,343.0	1,325.0	1,326.0	1,326.0	4,974,600
2018/11/02	1,332.0	1,336.0	1,314.0	1,325.0	1,325.0	7,560,300
2018/11/01	1,347.0	1,352.0	1,331.0	1,335.0	1,335.0	7,931,000
2018/10/31	1,309.0	1,340.0	1,305.0	1,340.0	1,340.0	15,840,300
2018/10/30	1,322.0	1,334.0	1,304.0	1,304.0	1,304.0	42,714,700
2018/10/29	1,331.0	1,339.0	1,312.0	1,315.0	1,315.0	8,956,400
2018/10/26	1,331.0	1,333.0	1,308.0	1,316.0	1,316.0	11,921,500
2018/10/25	1,335.0	1,337.0	1,319.0	1,319.0	1,319.0	9,736,600
2018/10/24	1,360.0	1,360.0	1,336.0	1,346.0	1,346.0	8,688,900
2018/10/23	1,354.0	1,359.0	1,340.0	1,348.0	1,348.0	8,936,000
2018/10/22	1,360.0	1,365.0	1,359.0	1,360.0	1,360.0	5,537,300
2018/10/19	1,354.0	1,360.0	1,345.0	1,359.0	1,359.0	5,345,600
2018/10/18	1,360.0	1,367.0	1,358.0	1,363.0	1,363.0	7,033,100
2018/10/17	1,350.0	1,356.0	1,338.0	1,351.0	1,351.0	7,385,500
2018/10/16	1,331.0	1,345.0	1,322.0	1,342.0	1,342.0	9,603,400
2018/10/15	1,339.0	1,343.0	1,312.0	1,320.0	1,320.0	9,419,900
2018/10/12	1,353.0	1,357.0	1,330.0	1,339.0	1,339.0	12,522,500
2018/10/11	1,357.0	1,370.0	1,349.0	1,363.0	1,363.0	14,611,500
2018/10/10	1,367.0	1,382.0	1,366.0	1,380.0	1,380.0	14,172,000
2018/10/09	1,374.0	1,383.0	1,366.0	1,373.0	1,373.0	15,997,300
2018/10/05	1,366.0	1,369.0	1,364.0	1,369.0	1,369.0	9,675,300
2018/10/04	1,363.0	1,369.0	1,363.0	1,365.0	1,365.0	11,420,800
2018/10/03	1,357.0	1,365.0	1,357.0	1,362.0	1,362.0	10,286,400
2018/10/02	1,357.0	1,363.0	1,349.0	1,357.0	1,357.0	12,708,600
2018/10/01	1,352.0	1,358.0	1,351.0	1,356.0	1,356.0	9,733,500
2018/09/28	1,348.0	1,354.0	1,343.0	1,352.0	1,352.0	13,577,000
2018/09/27	1,347.0	1,350.0	1,338.0	1,344.0	1,344.0	11,073,600
2018/09/26	1,340.0	1,348.0	1,329.0	1,347.0	1,347.0	12,705,400
2018/09/25	1,359.0	1,367.0	1,359.0	1,367.0	1,367.0	14,240,100
2018/09/21	1,345.0	1,370.0	1,343.0	1,359.0	1,359.0	23,883,100
2018/09/20	1,343.0	1,345.0	1,341.0	1,345.0	1,345.0	10,698,600
2018/09/19	1,341.0	1,343.0	1,337.0	1,343.0	1,343.0	10,955,900
2018/09/18	1,335.0	1,343.0	1,334.0	1,340.0	1,340.0	11,152,700
2018/09/14	1,332.0	1,334.0	1,330.0	1,334.0	1,334.0	9,307,800
2018/09/13	1,329.0	1,331.0	1,326.0	1,329.0	1,329.0	7,486,400
2018/09/12	1,322.0	1,329.0	1,320.0	1,329.0	1,329.0	8,026,400
2018/09/11	1,319.0	1,328.0	1,313.0	1,322.0	1,322.0	7,811,200
2018/09/10	1,307.0	1,317.0	1,305.0	1,314.0	1,314.0	4,937,600
2018/09/07	1,306.0	1,310.0	1,300.0	1,308.0	1,308.0	5,730,300
2018/09/06	1,319.0	1,321.0	1,305.0	1,311.0	1,311.0	5,549,400
2018/09/05	1,310.0	1,314.0	1,299.0	1,310.0	1,310.0	6,678,900
2018/09/04	1,317.0	1,319.0	1,310.0	1,315.0	1,315.0	5,477,300
2018/09/03	1,320.0	1,322.0	1,314.0	1,319.0	1,319.0	3,986,200
2018/08/31	1,318.0	1,321.0	1,316.0	1,320.0	1,320.0	5,511,200
2018/08/30	1,316.0	1,320.0	1,315.0	1,319.0	1,319.0	5,588,600
2018/08/29	1,318.0	1,323.0	1,317.0	1,318.0	1,318.0	6,627,400
2018/08/28	1,317.0	1,319.0	1,314.0	1,315.0	1,315.0	5,090,800
2018/08/27	1,311.0	1,317.0	1,310.0	1,317.0	1,317.0	6,051,900
2018/08/24	1,298.0	1,310.0	1,298.0	1,307.0	1,307.0	8,156,000
2018/08/23	1,287.0	1,296.0	1,287.0	1,296.0	1,296.0	4,519,300
2018/08/22	1,288.0	1,296.0	1,285.0	1,290.0	1,290.0	4,505,400
2018/08/21	1,294.0	1,294.0	1,283.0	1,289.0	1,289.0	4,507,100
2018/08/20	1,279.0	1,296.0	1,278.0	1,295.0	1,295.0	8,040,700
2018/08/17	1,271.0	1,275.0	1,265.0	1,273.0	1,273.0	3,661,700
2018/08/16	1,263.0	1,272.0	1,252.0	1,270.0	1,270.0	6,096,700
2018/08/15	1,262.0	1,268.0	1,260.0	1,268.0	1,268.0	5,543,400
2018/08/14	1,253.0	1,261.0	1,247.0	1,259.0	1,259.0	5,129,700
2018/08/13	1,266.0	1,273.0	1,253.0	1,258.0	1,258.0	11,305,000
2018/08/10	1,233.0	1,235.0	1,227.0	1,228.0	1,228.0	4,831,200
2018/08/09	1,236.0	1,245.0	1,234.0	1,237.0	1,237.0	3,955,700
2018/08/08	1,243.0	1,248.0	1,236.0	1,239.0	1,239.0	3,344,800
2018/08/07	1,235.0	1,243.0	1,232.0	1,242.0	1,242.0	2,697,000
2018/08/06	1,240.0	1,244.0	1,238.0	1,241.0	1,241.0	2,559,900
2018/08/03	1,247.0	1,248.0	1,236.0	1,239.0	1,239.0	3,754,000
2018/08/02	1,255.0	1,258.0	1,244.0	1,248.0	1,248.0	4,556,400
2018/08/01	1,235.0	1,253.0	1,232.0	1,253.0	1,253.0	5,865,600
2018/07/31	1,241.0	1,248.0	1,232.0	1,232.0	1,232.0	7,259,700
2018/07/30	1,238.0	1,240.0	1,233.0	1,236.0	1,236.0	4,176,500
2018/07/27	1,239.0	1,241.0	1,232.0	1,234.0	1,234.0	3,807,300
2018/07/26	1,232.0	1,239.0	1,229.0	1,237.0	1,237.0	5,313,800
2018/07/25	1,231.0	1,238.0	1,228.0	1,231.0	1,231.0	4,145,200
2018/07/24	1,230.0	1,239.0	1,225.0	1,230.0	1,230.0	4,865,800
2018/07/23	1,219.0	1,237.0	1,216.0	1,228.0	1,228.0	6,949,200
2018/07/20	1,212.0	1,214.0	1,205.0	1,210.0	1,210.0	5,357,800
2018/07/19	1,211.0	1,219.0	1,208.0	1,215.0	1,215.0	4,249,100
2018/07/18	1,210.0	1,218.0	1,209.0	1,211.0	1,211.0	4,074,700
2018/07/17	1,203.0	1,218.0	1,201.0	1,214.0	1,214.0	7,274,300
2018/07/13	1,205.0	1,208.0	1,202.0	1,202.0	1,202.0	7,603,300
2018/07/12	1,217.0	1,217.0	1,204.0	1,205.0	1,205.0	5,467,300
2018/07/11	1,207.0	1,211.0	1,204.0	1,207.0	1,207.0	5,497,700
2018/07/10	1,216.0	1,225.0	1,216.0	1,216.0	1,216.0	5,688,200
2018/07/09	1,207.0	1,216.0	1,206.0	1,213.0	1,213.0	4,616,900
2018/07/06	1,207.0	1,213.0	1,206.0	1,206.0	1,206.0	5,385,300
2018/07/05	1,210.0	1,210.0	1,203.0	1,204.0	1,204.0	5,065,400
2018/07/04	1,202.0	1,215.0	1,202.0	1,211.0	1,211.0	4,868,000
2018/07/03	1,203.0	1,205.0	1,200.0	1,203.0	1,203.0	6,393,400
2018/07/02	1,213.0	1,214.0	1,201.0	1,203.0	1,203.0	6,717,300
2018/06/29	1,212.0	1,215.0	1,204.0	1,213.0	1,213.0	5,966,600
2018/06/28	1,219.0	1,220.0	1,206.0	1,208.0	1,208.0	6,647,200
2018/06/27	1,211.0	1,220.0	1,211.0	1,217.0	1,217.0	5,987,500
2018/06/26	1,205.0	1,218.0	1,200.0	1,211.0	1,211.0	9,707,000
2018/06/25	1,212.0	1,213.0	1,200.0	1,202.0	1,202.0	6,354,600
2018/06/22	1,207.0	1,208.0	1,200.0	1,206.0	1,206.0	6,009,100
2018/06/21	1,215.0	1,217.0	1,208.0	1,208.0	1,208.0	8,442,900
2018/06/20	1,217.0	1,225.0	1,213.0	1,222.0	1,222.0	6,887,500
2018/06/19	1,235.0	1,235.0	1,219.0	1,219.0	1,219.0	7,751,600
2018/06/18	1,241.0	1,242.0	1,235.0	1,238.0	1,238.0	5,020,600
2018/06/15	1,245.0	1,248.0	1,242.0	1,243.0	1,243.0	6,988,200
2018/06/14	1,249.0	1,253.0	1,245.0	1,245.0	1,245.0	4,892,100
2018/06/13	1,250.0	1,255.0	1,249.0	1,251.0	1,251.0	3,589,700
2018/06/12	1,255.0	1,261.0	1,250.0	1,251.0	1,251.0	5,304,600
2018/06/11	1,250.0	1,252.0	1,245.0	1,250.0	1,250.0	4,216,900
2018/06/08	1,259.0	1,262.0	1,254.0	1,254.0	1,254.0	4,996,300
2018/06/07	1,267.0	1,267.0	1,259.0	1,260.0	1,260.0	4,060,800
2018/06/06	1,261.0	1,266.0	1,259.0	1,264.0	1,264.0	5,107,900
2018/06/05	1,255.0	1,260.0	1,254.0	1,256.0	1,256.0	3,766,300
2018/06/04	1,255.0	1,260.0	1,253.0	1,257.0	1,257.0	4,847,300
2018/06/01	1,250.0	1,254.0	1,243.0	1,248.0	1,248.0	5,673,600
2018/05/31	1,258.0	1,258.0	1,244.0	1,247.0	1,247.0	16,870,500
2018/05/30	1,255.0	1,256.0	1,251.0	1,254.0	1,254.0	7,295,700
2018/05/29	1,262.0	1,264.0	1,260.0	1,262.0	1,262.0	3,964,400
2018/05/28	1,266.0	1,266.0	1,260.0	1,265.0	1,265.0	3,954,100
2018/05/25	1,266.0	1,269.0	1,263.0	1,263.0	1,263.0	7,397,500
2018/05/24	1,269.0	1,272.0	1,266.0	1,270.0	1,270.0	6,631,500
2018/05/23	1,276.0	1,277.0	1,266.0	1,269.0	1,269.0	7,617,600
2018/05/22	1,282.0	1,283.0	1,277.0	1,277.0	1,277.0	4,167,200
2018/05/21	1,281.0	1,284.0	1,277.0	1,277.0	1,277.0	5,064,700
2018/05/18	1,282.0	1,282.0	1,276.0	1,281.0	1,281.0	6,260,100
2018/05/17	1,283.0	1,283.0	1,271.0	1,277.0	1,277.0	10,053,400
2018/05/16	1,284.0	1,289.0	1,274.0	1,283.0	1,283.0	12,244,100
2018/05/15	1,324.0	1,334.0	1,322.0	1,333.0	1,333.0	6,156,100
2018/05/14	1,320.0	1,326.0	1,317.0	1,319.0	1,319.0	3,986,400
2018/05/11	1,307.0	1,324.0	1,303.0	1,324.0	1,324.0	6,438,500
2018/05/10	1,327.0	1,330.0	1,315.0	1,316.0	1,316.0	5,952,700
2018/05/09	1,336.0	1,338.0	1,330.0	1,333.0	1,333.0	6,224,300
2018/05/08	1,339.0	1,340.0	1,336.0	1,340.0	1,340.0	7,415,600
2018/05/07	1,340.0	1,344.0	1,336.0	1,338.0	1,338.0	7,521,100
2018/05/02	1,336.0	1,338.0	1,334.0	1,338.0	1,338.0	6,783,100
2018/05/01	1,336.0	1,338.0	1,333.0	1,336.0	1,336.0	7,401,800
2018/04/27	1,335.0	1,338.0	1,327.0	1,330.0	1,330.0	8,171,700
2018/04/26	1,337.0	1,339.0	1,333.0	1,336.0	1,336.0	10,174,000
2018/04/25	1,324.0	1,336.0	1,324.0	1,336.0	1,336.0	9,242,300
2018/04/24	1,335.0	1,337.0	1,331.0	1,336.0	1,336.0	11,717,400
2018/04/23	1,328.0	1,335.0	1,327.0	1,333.0	1,333.0	15,485,500
2018/04/20	1,323.0	1,326.0	1,320.0	1,326.0	1,326.0	10,216,900
2018/04/19	1,323.0	1,325.0	1,319.0	1,322.0	1,322.0	7,483,300
2018/04/18	1,319.0	1,324.0	1,317.0	1,323.0	1,323.0	11,541,600
2018/04/17	1,317.0	1,326.0	1,313.0	1,316.0	1,316.0	12,722,200
2018/04/16	1,307.0	1,312.0	1,306.0	1,310.0	1,310.0	6,500,300
2018/04/13	1,304.0	1,309.0	1,302.0	1,307.0	1,307.0	7,894,700
2018/04/12	1,302.0	1,307.0	1,301.0	1,302.0	1,302.0	5,583,700
2018/04/11	1,301.0	1,306.0	1,300.0	1,303.0	1,303.0	7,992,300
2018/04/10	1,294.0	1,302.0	1,294.0	1,297.0	1,297.0	7,304,800
2018/04/09	1,289.0	1,295.0	1,288.0	1,294.0	1,294.0	4,691,600
2018/04/06	1,287.0	1,293.0	1,286.0	1,290.0	1,290.0	8,281,100
2018/04/05	1,275.0	1,293.0	1,275.0	1,287.0	1,287.0	7,923,000
2018/04/04	1,272.0	1,277.0	1,266.0	1,273.0	1,273.0	6,216,000
2018/04/03	1,268.0	1,274.0	1,266.0	1,271.0	1,271.0	5,059,500
2018/04/02	1,279.0	1,284.0	1,273.0	1,273.0	1,273.0	5,058,900
2018/03/30	1,288.0	1,289.0	1,276.0	1,281.0	1,281.0	4,999,600
2018/03/29	1,284.0	1,292.0	1,275.0	1,285.0	1,285.0	8,314,000
2018/03/28	1,275.0	1,283.0	1,269.0	1,282.0	1,282.0	11,858,100
2018/03/27	1,300.0	1,317.0	1,298.0	1,317.0	1,317.0	10,425,600
2018/03/26	1,307.0	1,309.0	1,291.0	1,296.0	1,296.0	10,432,900
2018/03/23	1,307.0	1,318.0	1,295.0	1,307.0	1,307.0	9,976,700
2018/03/22	1,318.0	1,335.0	1,311.0	1,321.0	1,321.0	14,038,000
2018/03/20	1,290.0	1,321.0	1,290.0	1,317.0	1,317.0	19,727,300
2018/03/19	1,282.0	1,283.0	1,271.0	1,273.0	1,273.0	4,691,000
2018/03/16	1,280.0	1,282.0	1,275.0	1,279.0	1,279.0	7,378,600
2018/03/15	1,282.0	1,284.0	1,272.0	1,278.0	1,278.0	6,522,700
2018/03/14	1,285.0	1,288.0	1,282.0	1,286.0	1,286.0	4,980,100
2018/03/13	1,283.0	1,292.0	1,280.0	1,290.0	1,290.0	6,314,200
2018/03/12	1,279.0	1,286.0	1,276.0	1,284.0	1,284.0	5,665,300
2018/03/09	1,272.0	1,278.0	1,265.0	1,270.0	1,270.0	9,617,800
2018/03/08	1,275.0	1,277.0	1,268.0	1,269.0	1,269.0	4,807,500
2018/03/07	1,274.0	1,278.0	1,269.0	1,271.0	1,271.0	6,961,800
2018/03/06	1,291.0	1,294.0	1,272.0	1,273.0	1,273.0	6,841,100
2018/03/05	1,271.0	1,278.0	1,268.0	1,278.0	1,278.0	5,968,700
2018/03/02	1,276.0	1,277.0	1,269.0	1,272.0	1,272.0	8,339,400
2018/03/01	1,287.0	1,287.0	1,280.0	1,282.0	1,282.0	7,988,400
2018/02/28	1,299.0	1,303.0	1,291.0	1,291.0	1,291.0	6,454,400
2018/02/27	1,294.0	1,299.0	1,290.0	1,298.0	1,298.0	6,434,900
2018/02/26	1,300.0	1,300.0	1,288.0	1,290.0	1,290.0	5,745,600
2018/02/23	1,290.0	1,291.0	1,283.0	1,290.0	1,290.0	5,321,000
2018/02/22	1,296.0	1,298.0	1,291.0	1,292.0	1,292.0	6,302,200
2018/02/21	1,305.0	1,309.0	1,298.0	1,299.0	1,299.0	6,652,600
2018/02/20	1,311.0	1,314.0	1,307.0	1,311.0	1,311.0	6,377,400
2018/02/19	1,312.0	1,320.0	1,311.0	1,315.0	1,315.0	7,335,500
2018/02/16	1,301.0	1,313.0	1,300.0	1,305.0	1,305.0	9,084,900
2018/02/15	1,285.0	1,304.0	1,256.0	1,303.0	1,303.0	14,861,500
2018/02/14	1,264.0	1,267.0	1,255.0	1,255.0	1,255.0	6,813,900
2018/02/13	1,273.0	1,281.0	1,260.0	1,262.0	1,262.0	10,878,600
2018/02/09	1,263.0	1,270.0	1,258.0	1,269.0	1,269.0	12,090,300
2018/02/08	1,285.0	1,289.0	1,277.0	1,284.0	1,284.0	9,137,100
2018/02/07	1,297.0	1,303.0	1,280.0	1,280.0	1,280.0	13,658,700
2018/02/06	1,286.0	1,295.0	1,261.0	1,280.0	1,280.0	27,152,300
2018/02/05	1,305.0	1,312.0	1,301.0	1,306.0	1,306.0	8,762,500
2018/02/02	1,313.0	1,317.0	1,309.0	1,315.0	1,315.0	6,028,700
2018/02/01	1,310.0	1,320.0	1,308.0	1,315.0	1,315.0	7,985,200
2018/01/31	1,305.0	1,313.0	1,302.0	1,302.0	1,302.0	9,729,500
2018/01/30	1,321.0	1,321.0	1,306.0	1,309.0	1,309.0	9,518,200
2018/01/29	1,324.0	1,327.0	1,321.0	1,323.0	1,323.0	6,269,200
2018/01/26	1,330.0	1,332.0	1,320.0	1,322.0	1,322.0	8,432,700
2018/01/25	1,325.0	1,327.0	1,318.0	1,321.0	1,321.0	8,124,500
2018/01/24	1,329.0	1,332.0	1,326.0	1,327.0	1,327.0	5,771,500
2018/01/23	1,326.0	1,332.0	1,325.0	1,332.0	1,332.0	9,404,900
2018/01/22	1,314.0	1,324.0	1,314.0	1,323.0	1,323.0	7,287,400
2018/01/19	1,315.0	1,316.0	1,311.0	1,313.0	1,313.0	5,694,000
2018/01/18	1,324.0	1,327.0	1,312.0	1,313.0	1,313.0	8,132,200
2018/01/17	1,315.0	1,322.0	1,314.0	1,321.0	1,321.0	7,793,200
2018/01/16	1,323.0	1,324.0	1,317.0	1,320.0	1,320.0	6,503,700
2018/01/15	1,335.0	1,341.0	1,324.0	1,326.0	1,326.0	13,282,600
2018/01/12	1,324.0	1,332.0	1,324.0	1,330.0	1,330.0	15,874,200
2018/01/11	1,319.0	1,324.0	1,318.0	1,323.0	1,323.0	14,182,600
2018/01/10	1,306.0	1,315.0	1,306.0	1,315.0	1,315.0	10,474,800
2018/01/09	1,308.0	1,308.0	1,302.0	1,308.0	1,308.0	9,132,300
2018/01/05	1,305.0	1,308.0	1,297.0	1,304.0	1,304.0	9,963,400
2018/01/04	1,300.0	1,302.0	1,296.0	1,302.0	1,302.0	7,597,300
2017/12/29	1,296.0	1,296.0	1,290.0	1,292.0	1,292.0	3,796,000
2017/12/28	1,294.0	1,297.0	1,291.0	1,294.0	1,294.0	4,770,400
2017/12/27	1,284.0	1,296.0	1,284.0	1,294.0	1,294.0	5,352,600
2017/12/26	1,290.0	1,291.0	1,281.0	1,283.0	1,283.0	8,821,700
2017/12/25	1,300.0	1,300.0	1,291.0	1,292.0	1,292.0	4,914,500
2017/12/22	1,300.0	1,302.0	1,293.0	1,298.0	1,298.0	7,260,600
2017/12/21	1,298.0	1,302.0	1,297.0	1,301.0	1,301.0	6,084,100
2017/12/20	1,301.0	1,302.0	1,296.0	1,298.0	1,298.0	7,915,000
2017/12/19	1,305.0	1,307.0	1,302.0	1,304.0	1,304.0	6,909,300
2017/12/18	1,306.0	1,309.0	1,303.0	1,305.0	1,305.0	7,047,700
2017/12/15	1,308.0	1,310.0	1,302.0	1,305.0	1,305.0	11,246,300
2017/12/14	1,299.0	1,310.0	1,299.0	1,310.0	1,310.0	18,867,700
2017/12/13	1,289.0	1,296.0	1,286.0	1,291.0	1,291.0	8,941,100
2017/12/12	1,286.0	1,290.0	1,284.0	1,288.0	1,288.0	6,588,700
2017/12/11	1,285.0	1,289.0	1,281.0	1,285.0	1,285.0	7,739,800
2017/12/08	1,268.0	1,278.0	1,267.0	1,278.0	1,278.0	10,343,900
2017/12/07	1,262.0	1,269.0	1,261.0	1,266.0	1,266.0	7,482,400
2017/12/06	1,272.0	1,274.0	1,260.0	1,264.0	1,264.0	8,865,100
2017/12/05	1,275.0	1,282.0	1,273.0	1,276.0	1,276.0	6,942,900
2017/12/04	1,280.0	1,281.0	1,273.0	1,278.0	1,278.0	6,248,200
2017/12/01	1,294.0	1,295.0	1,278.0	1,280.0	1,280.0	8,976,600
2017/11/30	1,260.0	1,292.0	1,260.0	1,292.0	1,292.0	20,244,300
2017/11/29	1,256.0	1,260.0	1,252.0	1,256.0	1,256.0	7,976,300
2017/11/28	1,255.0	1,259.0	1,251.0	1,253.0	1,253.0	7,482,800
2017/11/27	1,270.0	1,271.0	1,258.0	1,260.0	1,260.0	6,654,000
2017/11/24	1,270.0	1,273.0	1,265.0	1,266.0	1,266.0	5,920,000
2017/11/22	1,279.0	1,282.0	1,272.0	1,272.0	1,272.0	8,246,300
2017/11/21	1,275.0	1,285.0	1,274.0	1,277.0	1,277.0	9,009,900
2017/11/20	1,267.0	1,282.0	1,266.0	1,270.0	1,270.0	10,881,200
2017/11/17	1,252.0	1,267.0	1,252.0	1,264.0	1,264.0	17,200,800
2017/11/16	1,255.0	1,256.0	1,232.0	1,245.0	1,245.0	21,984,000
2017/11/15	1,279.0	1,283.0	1,252.0	1,254.0	1,254.0	18,223,400
2017/11/14	1,297.0	1,298.0	1,262.0	1,270.0	1,270.0	23,766,600
2017/11/13	1,300.0	1,301.0	1,296.0	1,297.0	1,297.0	9,721,300
2017/11/10	1,296.0	1,305.0	1,296.0	1,302.0	1,302.0	10,446,300
2017/11/09	1,307.0	1,309.0	1,296.0	1,303.0	1,303.0	21,588,600
2017/11/08	1,308.0	1,310.0	1,304.0	1,308.0	1,308.0	10,963,100
2017/11/07	1,303.0	1,310.0	1,302.0	1,308.0	1,308.0	14,226,600
2017/11/06	1,307.0	1,310.0	1,303.0	1,303.0	1,303.0	8,230,600
2017/11/02	1,305.0	1,306.0	1,303.0	1,306.0	1,306.0	8,439,100
2017/11/01	1,310.0	1,310.0	1,303.0	1,304.0	1,304.0	12,214,900
2017/10/31	1,310.0	1,310.0	1,305.0	1,308.0	1,308.0	11,260,700
2017/10/30	1,310.0	1,314.0	1,307.0	1,309.0	1,309.0	10,665,200
2017/10/27	1,310.0	1,312.0	1,307.0	1,309.0	1,309.0	9,613,900
2017/10/26	1,310.0	1,311.0	1,308.0	1,310.0	1,310.0	7,405,500
2017/10/25	1,307.0	1,313.0	1,304.0	1,304.0	1,304.0	18,448,600
2017/10/24	1,304.0	1,307.0	1,302.0	1,305.0	1,305.0	9,747,000
2017/10/23	1,302.0	1,304.0	1,299.0	1,300.0	1,300.0	10,029,100
2017/10/20	1,298.0	1,305.0	1,296.0	1,300.0	1,300.0	11,643,800
2017/10/19	1,302.0	1,303.0	1,297.0	1,299.0	1,299.0	9,668,500
2017/10/18	1,302.0	1,304.0	1,298.0	1,300.0	1,300.0	8,074,800
2017/10/17	1,303.0	1,304.0	1,298.0	1,300.0	1,300.0	9,460,900
2017/10/16	1,297.0	1,304.0	1,296.0	1,299.0	1,299.0	9,952,500
2017/10/13	1,299.0	1,300.0	1,292.0	1,295.0	1,295.0	15,284,600
2017/10/12	1,306.0	1,307.0	1,299.0	1,300.0	1,300.0	11,275,500
2017/10/11	1,306.0	1,308.0	1,303.0	1,306.0	1,306.0	11,157,900
2017/10/10	1,314.0	1,314.0	1,296.0	1,300.0	1,300.0	18,821,700
2017/10/06	1,300.0	1,317.0	1,298.0	1,312.0	1,312.0	19,846,600
2017/10/05	1,308.0	1,308.0	1,298.0	1,300.0	1,300.0	12,755,000
2017/10/04	1,305.0	1,308.0	1,298.0	1,308.0	1,308.0	18,219,000
2017/10/03	1,316.0	1,317.0	1,303.0	1,308.0	1,308.0	18,727,800
2017/10/02	1,313.0	1,317.0	1,302.0	1,313.0	1,313.0	22,714,100
2017/09/29	1,309.0	1,329.0	1,299.0	1,329.0	1,329.0	211,385,800
2017/09/28	1,352.0	1,371.0	1,321.0	1,323.0	1,323.0	83,038,700
2017/09/27	1,343.0	1,361.0	1,341.0	1,349.0	1,349.0	39,707,800
2017/09/26	1,338.0	1,374.0	1,338.0	1,363.0	1,363.0	52,839,500
2017/09/25	1,370.0	1,373.0	1,346.0	1,349.0	1,349.0	27,489,200
2017/09/22	1,398.0	1,399.0	1,363.0	1,363.0	1,363.0	14,580,300
2017/09/21	1,430.0	1,443.0	1,403.0	1,405.0	1,405.0	13,978,500
2017/09/20	1,420.0	1,435.0	1,417.0	1,433.0	1,433.0	7,008,700
2017/09/19	1,414.0	1,422.0	1,407.0	1,420.0	1,420.0	6,506,400
2017/09/15	1,380.0	1,402.0	1,379.0	1,402.0	1,402.0	5,453,800
2017/09/14	1,400.0	1,410.0	1,383.0	1,390.0	1,390.0	6,608,200
2017/09/13	1,373.0	1,415.0	1,373.0	1,404.0	1,404.0	13,682,200
2017/09/12	1,341.0	1,384.0	1,330.0	1,373.0	1,373.0	16,600,600
2017/09/11	1,351.0	1,353.0	1,310.0	1,321.0	1,321.0	15,901,300
2017/09/08	1,330.0	1,351.0	1,325.0	1,344.0	1,344.0	7,133,900
2017/09/07	1,317.0	1,342.0	1,316.0	1,329.0	1,329.0	7,602,200
2017/09/06	1,346.0	1,362.0	1,287.0	1,306.0	1,306.0	20,109,400
2017/09/05	1,325.0	1,327.0	1,272.0	1,282.0	1,282.0	10,337,200
2017/09/04	1,341.0	1,348.0	1,321.0	1,326.0	1,326.0	7,443,000
2017/09/01	1,368.0	1,373.0	1,360.0	1,371.0	1,371.0	1,588,700
2017/08/31	1,359.0	1,367.0	1,356.0	1,366.0	1,366.0	1,630,100
2017/08/30	1,348.0	1,358.0	1,344.0	1,357.0	1,357.0	1,446,700
2017/08/29	1,340.0	1,347.0	1,337.0	1,344.0	1,344.0	1,518,400
2017/08/28	1,350.0	1,352.0	1,343.0	1,345.0	1,345.0	1,207,600
2017/08/25	1,348.0	1,353.0	1,341.0	1,350.0	1,350.0	2,113,200
2017/08/24	1,347.0	1,351.0	1,341.0	1,341.0	1,341.0	1,683,700
2017/08/23	1,353.0	1,353.0	1,345.0	1,349.0	1,349.0	1,980,200
2017/08/22	1,351.0	1,353.0	1,346.0	1,351.0	1,351.0	1,129,900
2017/08/21	1,360.0	1,360.0	1,351.0	1,351.0	1,351.0	1,025,100
2017/08/18	1,359.0	1,361.0	1,352.0	1,359.0	1,359.0	1,552,100
2017/08/17	1,365.0	1,371.0	1,361.0	1,368.0	1,368.0	1,009,000
2017/08/16	1,373.0	1,376.0	1,368.0	1,368.0	1,368.0	1,379,700
2017/08/15	1,370.0	1,379.0	1,368.0	1,371.0	1,371.0	1,963,500
2017/08/14	1,381.0	1,382.0	1,356.0	1,357.0	1,357.0	2,144,600
2017/08/10	1,387.0	1,387.0	1,380.0	1,384.0	1,384.0	992,900
2017/08/09	1,390.0	1,396.0	1,383.0	1,388.0	1,388.0	1,408,900
2017/08/08	1,408.0	1,408.0	1,390.0	1,393.0	1,393.0	1,334,300
2017/08/07	1,405.0	1,409.0	1,400.0	1,400.0	1,400.0	847,800
2017/08/04	1,399.0	1,403.0	1,395.0	1,395.0	1,395.0	831,600
2017/08/03	1,406.0	1,411.0	1,399.0	1,408.0	1,408.0	1,043,500
2017/08/02	1,410.0	1,413.0	1,405.0	1,406.0	1,406.0	949,300
2017/08/01	1,398.0	1,413.0	1,394.0	1,413.0	1,413.0	1,488,800
2017/07/31	1,395.0	1,401.0	1,390.0	1,391.0	1,391.0	1,068,000
2017/07/28	1,388.0	1,399.0	1,387.0	1,397.0	1,397.0	1,161,400
2017/07/27	1,394.0	1,399.0	1,388.0	1,390.0	1,390.0	1,451,700
2017/07/26	1,400.0	1,402.0	1,392.0	1,394.0	1,394.0	1,362,800
2017/07/25	1,410.0	1,412.0	1,400.0	1,403.0	1,403.0	1,572,400
2017/07/24	1,400.0	1,403.0	1,393.0	1,403.0	1,403.0	1,185,500
2017/07/21	1,411.0	1,414.0	1,402.0	1,405.0	1,405.0	1,021,600
2017/07/20	1,409.0	1,425.0	1,407.0	1,420.0	1,420.0	1,449,400
2017/07/19	1,405.0	1,412.0	1,404.0	1,406.0	1,406.0	958,900
2017/07/18	1,411.0	1,417.0	1,400.0	1,412.0	1,412.0	1,373,500
2017/07/14	1,413.0	1,422.0	1,411.0	1,418.0	1,418.0	1,106,800
2017/07/13	1,422.0	1,423.0	1,409.0	1,413.0	1,413.0	1,002,800
2017/07/12	1,419.0	1,424.0	1,415.0	1,422.0	1,422.0	1,597,600
2017/07/11	1,411.0	1,432.0	1,410.0	1,432.0	1,432.0	2,780,700
2017/07/10	1,410.0	1,414.0	1,400.0	1,406.0	1,406.0	1,303,800
2017/07/07	1,388.0	1,409.0	1,388.0	1,406.0	1,406.0	2,590,400
2017/07/06	1,389.0	1,397.0	1,386.0	1,394.0	1,394.0	1,648,800
2017/07/05	1,397.0	1,399.0	1,387.0	1,397.0	1,397.0	1,916,800
2017/07/04	1,403.0	1,408.0	1,393.0	1,396.0	1,396.0	2,245,100
2017/07/03	1,396.0	1,407.0	1,394.0	1,404.0	1,404.0	2,841,300
2017/06/30	1,392.0	1,401.0	1,389.0	1,394.0	1,394.0	2,670,200
2017/06/29	1,394.0	1,403.0	1,393.0	1,399.0	1,399.0	2,672,400
2017/06/28	1,388.0	1,388.0	1,377.0	1,383.0	1,383.0	1,828,500
2017/06/27	1,389.0	1,395.0	1,383.0	1,383.0	1,383.0	1,348,700
2017/06/26	1,403.0	1,403.0	1,382.0	1,383.0	1,383.0	2,644,900
2017/06/23	1,377.0	1,388.0	1,372.0	1,386.0	1,386.0	1,501,900
2017/06/22	1,373.0	1,379.0	1,372.0	1,374.0	1,374.0	943,800
2017/06/21	1,380.0	1,382.0	1,369.0	1,378.0	1,378.0	1,512,700
2017/06/20	1,390.0	1,394.0	1,380.0	1,381.0	1,381.0	1,729,200
2017/06/19	1,380.0	1,389.0	1,380.0	1,381.0	1,381.0	1,210,500
2017/06/16	1,380.0	1,393.0	1,373.0	1,393.0	1,393.0	4,358,300
2017/06/15	1,385.0	1,391.0	1,372.0	1,374.0	1,374.0	1,885,900
2017/06/14	1,380.0	1,393.0	1,378.0	1,388.0	1,388.0	2,184,800
2017/06/13	1,371.0	1,388.0	1,368.0	1,377.0	1,377.0	2,817,500
2017/06/12	1,344.0	1,366.0	1,343.0	1,359.0	1,359.0	2,120,200
2017/06/09	1,350.0	1,352.0	1,339.0	1,340.0	1,340.0	3,344,800
2017/06/08	1,359.0	1,369.0	1,353.0	1,354.0	1,354.0	1,883,100
2017/06/07	1,350.0	1,359.0	1,344.0	1,358.0	1,358.0	2,145,400
2017/06/06	1,361.0	1,371.0	1,357.0	1,359.0	1,359.0	1,316,500
2017/06/05	1,370.0	1,371.0	1,357.0	1,364.0	1,364.0	1,822,200
2017/06/02	1,365.0	1,377.0	1,363.0	1,377.0	1,377.0	3,024,400
2017/06/01	1,358.0	1,363.0	1,354.0	1,358.0	1,358.0	2,047,700
2017/05/31	1,345.0	1,353.0	1,344.0	1,352.0	1,352.0	2,449,300
2017/05/30	1,349.0	1,351.0	1,343.0	1,345.0	1,345.0	1,420,300
2017/05/29	1,349.0	1,355.0	1,347.0	1,352.0	1,352.0	1,292,800
2017/05/26	1,354.0	1,362.0	1,350.0	1,350.0	1,350.0	1,120,900
2017/05/25	1,354.0	1,361.0	1,350.0	1,358.0	1,358.0	2,050,600
2017/05/24	1,369.0	1,369.0	1,355.0	1,360.0	1,360.0	1,803,100
2017/05/23	1,358.0	1,361.0	1,351.0	1,355.0	1,355.0	1,054,200
2017/05/22	1,371.0	1,381.0	1,358.0	1,358.0	1,358.0	1,743,300
2017/05/19	1,347.0	1,367.0	1,346.0	1,363.0	1,363.0	2,292,900
2017/05/18	1,351.0	1,354.0	1,343.0	1,349.0	1,349.0	2,361,300
2017/05/17	1,378.0	1,380.0	1,357.0	1,357.0	1,357.0	3,199,600
2017/05/16	1,407.0	1,407.0	1,381.0	1,383.0	1,383.0	2,600,200
2017/05/15	1,410.0	1,410.0	1,391.0	1,402.0	1,402.0	2,561,800
2017/05/12	1,384.0	1,397.0	1,381.0	1,397.0	1,397.0	2,675,900
2017/05/11	1,399.0	1,404.0	1,386.0	1,389.0	1,389.0	1,733,500
2017/05/10	1,399.0	1,403.0	1,393.0	1,399.0	1,399.0	1,625,800
2017/05/09	1,405.0	1,413.0	1,400.0	1,401.0	1,401.0	1,876,400
2017/05/08	1,390.0	1,414.0	1,390.0	1,409.0	1,409.0	2,800,600
2017/05/02	1,377.0	1,383.0	1,375.0	1,375.0	1,375.0	2,022,200
2017/05/01	1,375.0	1,381.0	1,364.0	1,381.0	1,381.0	1,777,700
2017/04/28	1,405.0	1,416.0	1,378.0	1,381.0	1,381.0	2,537,800
2017/04/27	1,386.0	1,394.0	1,382.0	1,394.0	1,394.0	2,139,400
2017/04/26	1,377.0	1,393.0	1,365.0	1,393.0	1,393.0	3,874,100
2017/04/25	1,352.0	1,384.0	1,348.0	1,377.0	1,377.0	6,000,800
2017/04/24	1,338.0	1,348.0	1,325.0	1,345.0	1,345.0	3,763,300
2017/04/21	1,290.0	1,341.0	1,283.0	1,335.0	1,335.0	11,270,200
2017/04/20	1,354.0	1,368.0	1,278.0	1,313.0	1,313.0	14,089,600
2017/04/19	1,351.0	1,359.0	1,341.0	1,349.0	1,349.0	2,133,500
2017/04/18	1,363.0	1,370.0	1,360.0	1,361.0	1,361.0	1,573,200
2017/04/17	1,350.0	1,358.0	1,338.0	1,356.0	1,356.0	1,666,700
2017/04/14	1,345.0	1,356.0	1,340.0	1,354.0	1,354.0	1,684,800
2017/04/13	1,361.0	1,364.0	1,348.0	1,359.0	1,359.0	1,984,800
2017/04/12	1,377.0	1,378.0	1,365.0	1,374.0	1,374.0	1,920,000
2017/04/11	1,377.0	1,387.0	1,369.0	1,387.0	1,387.0	1,449,200
2017/04/10	1,374.0	1,388.0	1,370.0	1,382.0	1,382.0	2,224,200
2017/04/07	1,364.0	1,367.0	1,350.0	1,357.0	1,357.0	3,410,300
2017/04/06	1,374.0	1,374.0	1,351.0	1,357.0	1,357.0	2,502,000
2017/04/05	1,388.0	1,389.0	1,365.0	1,374.0	1,374.0	2,613,900
2017/04/04	1,394.0	1,395.0	1,379.0	1,391.0	1,391.0	2,754,000
2017/04/03	1,401.0	1,405.0	1,392.0	1,395.0	1,395.0	1,933,500
2017/03/31	1,416.0	1,425.0	1,397.0	1,397.0	1,397.0	2,605,300
2017/03/30	1,410.0	1,411.0	1,400.0	1,400.0	1,400.0	2,036,200
2017/03/29	1,430.0	1,438.0	1,416.0	1,420.0	1,420.0	2,121,700
2017/03/28	1,440.0	1,450.0	1,439.0	1,449.0	1,449.0	2,423,900
2017/03/27	1,447.0	1,448.0	1,425.0	1,431.0	1,431.0	3,097,500
2017/03/24	1,443.0	1,460.0	1,440.0	1,454.0	1,454.0	2,316,700
2017/03/23	1,443.0	1,446.0	1,433.0	1,438.0	1,438.0	2,582,000
2017/03/22	1,459.0	1,459.0	1,441.0	1,445.0	1,445.0	2,757,800
2017/03/21	1,481.0	1,483.0	1,470.0	1,473.0	1,473.0	1,707,900
2017/03/17	1,490.0	1,496.0	1,486.0	1,489.0	1,489.0	1,819,200
2017/03/16	1,484.0	1,515.0	1,480.0	1,496.0	1,496.0	4,422,900
2017/03/15	1,469.0	1,485.0	1,465.0	1,484.0	1,484.0	1,918,600
2017/03/14	1,471.0	1,478.0	1,464.0	1,464.0	1,464.0	1,446,600
2017/03/13	1,470.0	1,471.0	1,463.0	1,469.0	1,469.0	1,388,300
2017/03/10	1,475.0	1,479.0	1,467.0	1,474.0	1,474.0	2,046,900
2017/03/09	1,475.0	1,477.0	1,457.0	1,460.0	1,460.0	1,320,900
2017/03/08	1,462.0	1,491.0	1,455.0	1,468.0	1,468.0	2,977,400
2017/03/07	1,453.0	1,477.0	1,453.0	1,462.0	1,462.0	2,049,500
2017/03/06	1,439.0	1,458.0	1,439.0	1,453.0	1,453.0	1,941,500
2017/03/03	1,447.0	1,450.0	1,434.0	1,437.0	1,437.0	2,045,000
2017/03/02	1,468.0	1,475.0	1,445.0	1,446.0	1,446.0	2,020,900
2017/03/01	1,448.0	1,459.0	1,442.0	1,447.0	1,447.0	2,268,000
2017/02/28	1,453.0	1,464.0	1,441.0	1,441.0	1,441.0	2,288,500
2017/02/27	1,453.0	1,463.0	1,431.0	1,445.0	1,445.0	3,332,500
2017/02/24	1,477.0	1,488.0	1,475.0	1,482.0	1,482.0	2,027,200
2017/02/23	1,476.0	1,487.0	1,465.0	1,485.0	1,485.0	2,572,200
2017/02/22	1,475.0	1,482.0	1,468.0	1,481.0	1,481.0	1,412,000
2017/02/21	1,470.0	1,475.0	1,462.0	1,474.0	1,474.0	1,221,200
2017/02/20	1,467.0	1,475.0	1,458.0	1,474.0	1,474.0	1,129,000
2017/02/17	1,450.0	1,477.0	1,449.0	1,476.0	1,476.0	2,585,700
2017/02/16	1,455.0	1,467.0	1,448.0	1,456.0	1,456.0	2,042,900
2017/02/15	1,479.0	1,480.0	1,463.0	1,466.0	1,466.0	2,194,900
2017/02/14	1,475.0	1,480.0	1,453.0	1,455.0	1,455.0	1,732,800
2017/02/13	1,460.0	1,479.0	1,460.0	1,469.0	1,469.0	2,561,000
2017/02/10	1,450.0	1,460.0	1,448.0	1,455.0	1,455.0	2,045,500
2017/02/09	1,432.0	1,442.0	1,428.0	1,434.0	1,434.0	1,297,600
2017/02/08	1,440.0	1,446.0	1,434.0	1,445.0	1,445.0	1,479,300
2017/02/07	1,427.0	1,435.0	1,424.0	1,431.0	1,431.0	1,550,800
2017/02/06	1,435.0	1,442.0	1,424.0	1,432.0	1,432.0	1,666,600
2017/02/03	1,411.0	1,432.0	1,410.0	1,420.0	1,420.0	1,789,400
2017/02/02	1,421.0	1,423.0	1,403.0	1,405.0	1,405.0	1,396,900
2017/02/01	1,411.0	1,419.0	1,396.0	1,418.0	1,418.0	1,486,700
2017/01/31	1,425.0	1,429.0	1,415.0	1,420.0	1,420.0	1,777,900
2017/01/30	1,433.0	1,443.0	1,427.0	1,440.0	1,440.0	1,296,700
2017/01/27	1,450.0	1,463.0	1,442.0	1,445.0	1,445.0	1,892,000
2017/01/26	1,419.0	1,449.0	1,418.0	1,440.0	1,440.0	1,993,200
2017/01/25	1,429.0	1,431.0	1,406.0	1,410.0	1,410.0	2,094,400
2017/01/24	1,410.0	1,415.0	1,400.0	1,404.0	1,404.0	1,757,200
2017/01/23	1,425.0	1,432.0	1,413.0	1,423.0	1,423.0	1,418,300
2017/01/20	1,410.0	1,454.0	1,410.0	1,445.0	1,445.0	3,362,100
2017/01/19	1,414.0	1,423.0	1,401.0	1,401.0	1,401.0	2,687,600
2017/01/18	1,400.0	1,408.0	1,391.0	1,403.0	1,403.0	2,242,600
2017/01/17	1,410.0	1,421.0	1,394.0	1,406.0	1,406.0	4,927,800
2017/01/16	1,473.0	1,480.0	1,405.0	1,408.0	1,408.0	10,502,300
2017/01/13	1,480.0	1,489.0	1,472.0	1,480.0	1,480.0	2,163,200
2017/01/12	1,482.0	1,484.0	1,466.0	1,480.0	1,480.0	2,565,600
2017/01/11	1,482.0	1,489.0	1,481.0	1,487.0	1,487.0	1,492,600
2017/01/10	1,495.0	1,500.0	1,485.0	1,485.0	1,485.0	2,029,800
2017/01/06	1,496.0	1,510.0	1,485.0	1,507.0	1,507.0	2,011,600
2017/01/05	1,505.0	1,518.0	1,505.0	1,513.0	1,513.0	1,936,000
2017/01/04	1,465.0	1,503.0	1,464.0	1,503.0	1,503.0	2,375,700
2016/12/30	1,460.0	1,468.0	1,457.0	1,459.0	1,459.0	1,640,700
2016/12/29	1,480.0	1,485.0	1,463.0	1,466.0	1,466.0	1,924,300
2016/12/28	1,493.0	1,496.0	1,480.0	1,489.0	1,489.0	1,487,100
2016/12/27	1,473.0	1,498.0	1,470.0	1,485.0	1,485.0	1,877,600
2016/12/26	1,523.0	1,529.0	1,485.0	1,489.0	1,489.0	3,213,000
2016/12/22	1,511.0	1,514.0	1,495.0	1,510.0	1,510.0	1,696,700
2016/12/21	1,521.0	1,535.0	1,510.0	1,512.0	1,512.0	3,001,400
2016/12/20	1,539.0	1,540.0	1,508.0	1,518.0	1,518.0	2,363,400
2016/12/19	1,543.0	1,550.0	1,538.0	1,545.0	1,545.0	1,597,900
2016/12/16	1,559.0	1,562.0	1,549.0	1,560.0	1,560.0	2,903,700
2016/12/15	1,554.0	1,565.0	1,547.0	1,559.0	1,559.0	3,188,500
2016/12/14	1,540.0	1,558.0	1,536.0	1,555.0	1,555.0	3,088,000
2016/12/13	1,535.0	1,548.0	1,524.0	1,544.0	1,544.0	2,639,100
2016/12/12	1,590.0	1,590.0	1,534.0	1,554.0	1,554.0	6,585,100
2016/12/09	1,494.0	1,527.0	1,494.0	1,527.0	1,527.0	4,430,700
2016/12/08	1,498.0	1,510.0	1,488.0	1,506.0	1,506.0	3,178,500
2016/12/07	1,475.0	1,494.0	1,475.0	1,493.0	1,493.0	3,077,500
2016/12/06	1,460.0	1,470.0	1,458.0	1,470.0	1,470.0	2,951,000
2016/12/05	1,469.0	1,469.0	1,441.0	1,447.0	1,447.0	2,650,700
2016/12/02	1,430.0	1,479.0	1,427.0	1,475.0	1,475.0	5,087,800
2016/12/01	1,430.0	1,435.0	1,423.0	1,430.0	1,430.0	3,961,400
2016/11/30	1,417.0	1,420.0	1,405.0	1,417.0	1,417.0	4,286,800
2016/11/29	1,403.0	1,417.0	1,402.0	1,417.0	1,417.0	2,029,300
2016/11/28	1,405.0	1,417.0	1,393.0	1,415.0	1,415.0	2,315,300
2016/11/25	1,420.0	1,424.0	1,401.0	1,415.0	1,415.0	3,507,100
2016/11/24	1,426.0	1,435.0	1,410.0	1,418.0	1,418.0	2,678,900
2016/11/22	1,414.0	1,421.0	1,408.0	1,414.0	1,414.0	2,025,700
2016/11/21	1,400.0	1,418.0	1,392.0	1,414.0	1,414.0	2,709,500
2016/11/18	1,400.0	1,406.0	1,384.0	1,388.0	1,388.0	2,738,500
2016/11/17	1,391.0	1,399.0	1,383.0	1,395.0	1,395.0	2,612,900
2016/11/16	1,385.0	1,400.0	1,383.0	1,398.0	1,398.0	3,465,500
2016/11/15	1,369.0	1,386.0	1,353.0	1,379.0	1,379.0	2,830,300
2016/11/14	1,336.0	1,380.0	1,336.0	1,372.0	1,372.0	2,892,100
2016/11/11	1,320.0	1,353.0	1,320.0	1,336.0	1,336.0	3,512,300
2016/11/10	1,303.0	1,319.0	1,291.0	1,309.0	1,309.0	3,345,400
2016/11/09	1,300.0	1,320.0	1,222.0	1,243.0	1,243.0	4,453,500
2016/11/08	1,290.0	1,297.0	1,286.0	1,291.0	1,291.0	1,127,900
2016/11/07	1,283.0	1,288.0	1,280.0	1,284.0	1,284.0	1,703,400
2016/11/04	1,280.0	1,280.0	1,251.0	1,261.0	1,261.0	3,186,500
2016/11/02	1,325.0	1,326.0	1,300.0	1,306.0	1,306.0	2,172,000
2016/11/01	1,340.0	1,345.0	1,333.0	1,342.0	1,342.0	1,756,400
2016/10/31	1,328.0	1,342.0	1,322.0	1,338.0	1,338.0	2,036,700
2016/10/28	1,306.0	1,340.0	1,306.0	1,336.0	1,336.0	7,377,200
2016/10/27	1,300.0	1,308.0	1,296.0	1,304.0	1,304.0	1,777,200
2016/10/26	1,292.0	1,300.0	1,285.0	1,299.0	1,299.0	2,214,100
2016/10/25	1,296.0	1,304.0	1,288.0	1,290.0	1,290.0	3,074,500
2016/10/24	1,295.0	1,297.0	1,282.0	1,289.0	1,289.0	1,970,500
2016/10/21	1,299.0	1,308.0	1,293.0	1,300.0	1,300.0	2,373,400
2016/10/20	1,280.0	1,291.0	1,274.0	1,291.0	1,291.0	1,917,200
2016/10/19	1,280.0	1,286.0	1,277.0	1,284.0	1,284.0	1,990,600
2016/10/18	1,288.0	1,293.0	1,277.0	1,288.0	1,288.0	1,836,400
2016/10/17	1,284.0	1,302.0	1,283.0	1,297.0	1,297.0	1,696,200
2016/10/14	1,290.0	1,295.0	1,274.0	1,283.0	1,283.0	1,922,000
2016/10/13	1,288.0	1,297.0	1,274.0	1,287.0	1,287.0	2,276,400
2016/10/12	1,280.0	1,287.0	1,276.0	1,282.0	1,282.0	1,838,100
2016/10/11	1,298.0	1,306.0	1,288.0	1,294.0	1,294.0	2,047,500
2016/10/07	1,285.0	1,296.0	1,277.0	1,287.0	1,287.0	1,257,800
2016/10/06	1,282.0	1,295.0	1,278.0	1,289.0	1,289.0	2,466,100
2016/10/05	1,263.0	1,274.0	1,252.0	1,272.0	1,272.0	2,329,500
2016/10/04	1,251.0	1,267.0	1,247.0	1,254.0	1,254.0	2,279,000
2016/10/03	1,275.0	1,275.0	1,258.0	1,260.0	1,260.0	1,537,800
2016/09/30	1,264.0	1,271.0	1,249.0	1,263.0	1,263.0	2,373,300
2016/09/29	1,288.0	1,291.0	1,276.0	1,277.0	1,277.0	2,332,400
2016/09/28	1,300.0	1,304.0	1,278.0	1,287.0	1,287.0	3,151,900
2016/09/27	1,316.0	1,332.0	1,299.0	1,332.0	1,332.0	2,920,100
2016/09/26	1,371.0	1,375.0	1,333.0	1,337.0	1,337.0	2,651,900
2016/09/23	1,369.0	1,374.0	1,356.0	1,364.0	1,364.0	2,628,700
2016/09/21	1,338.0	1,389.0	1,320.0	1,388.0	1,388.0	2,795,800
2016/09/20	1,321.0	1,349.0	1,321.0	1,338.0	1,338.0	1,941,800
2016/09/16	1,315.0	1,338.0	1,312.0	1,337.0	1,337.0	2,440,200
2016/09/15	1,331.0	1,332.0	1,312.0	1,320.0	1,320.0	1,641,300
2016/09/14	1,320.0	1,352.0	1,320.0	1,342.0	1,342.0	2,479,200
2016/09/13	1,334.0	1,336.0	1,314.0	1,317.0	1,317.0	1,731,400
2016/09/12	1,328.0	1,340.0	1,324.0	1,339.0	1,339.0	1,414,600
2016/09/09	1,346.0	1,358.0	1,339.0	1,342.0	1,342.0	1,970,800
2016/09/08	1,364.0	1,365.0	1,333.0	1,354.0	1,354.0	2,405,200
2016/09/07	1,377.0	1,384.0	1,361.0	1,375.0	1,375.0	1,933,000
2016/09/06	1,379.0	1,391.0	1,377.0	1,388.0	1,388.0	1,103,000
2016/09/05	1,399.0	1,402.0	1,384.0	1,384.0	1,384.0	1,957,300
2016/09/02	1,360.0	1,390.0	1,360.0	1,389.0	1,389.0	1,838,300
2016/09/01	1,355.0	1,367.0	1,348.0	1,366.0	1,366.0	1,702,300
2016/08/31	1,358.0	1,362.0	1,347.0	1,355.0	1,355.0	1,369,500
2016/08/30	1,340.0	1,349.0	1,338.0	1,345.0	1,345.0	828,400
2016/08/29	1,319.0	1,354.0	1,319.0	1,340.0	1,340.0	1,742,100
2016/08/26	1,327.0	1,331.0	1,311.0	1,311.0	1,311.0	1,614,500
2016/08/25	1,337.0	1,343.0	1,325.0	1,340.0	1,340.0	1,779,100
2016/08/24	1,328.0	1,342.0	1,325.0	1,338.0	1,338.0	1,438,500
2016/08/23	1,334.0	1,337.0	1,313.0	1,321.0	1,321.0	1,391,900
2016/08/22	1,340.0	1,348.0	1,331.0	1,340.0	1,340.0	1,302,800
2016/08/19	1,330.0	1,345.0	1,323.0	1,337.0	1,337.0	1,225,500
2016/08/18	1,345.0	1,353.0	1,319.0	1,321.0	1,321.0	1,818,400
2016/08/17	1,328.0	1,354.0	1,327.0	1,350.0	1,350.0	2,221,500
2016/08/16	1,324.0	1,337.0	1,309.0	1,309.0	1,309.0	1,930,200
2016/08/15	1,337.0	1,347.0	1,315.0	1,318.0	1,318.0	2,002,000
2016/08/12	1,382.0	1,384.0	1,365.0	1,378.0	1,378.0	1,353,800
2016/08/10	1,384.0	1,388.0	1,359.0	1,368.0	1,368.0	1,555,500
2016/08/09	1,378.0	1,386.0	1,372.0	1,382.0	1,382.0	1,238,200
2016/08/08	1,365.0	1,385.0	1,365.0	1,379.0	1,379.0	1,448,100
2016/08/05	1,358.0	1,368.0	1,349.0	1,353.0	1,353.0	1,761,900
2016/08/04	1,315.0	1,350.0	1,307.0	1,346.0	1,346.0	1,782,300
2016/08/03	1,310.0	1,325.0	1,297.0	1,304.0	1,304.0	1,566,400
2016/08/02	1,341.0	1,347.0	1,330.0	1,330.0	1,330.0	1,262,400
2016/08/01	1,350.0	1,360.0	1,323.0	1,357.0	1,357.0	2,499,800
2016/07/29	1,302.0	1,366.0	1,290.0	1,363.0	1,363.0	3,176,000
2016/07/28	1,324.0	1,330.0	1,290.0	1,297.0	1,297.0	2,113,300
2016/07/27	1,350.0	1,364.0	1,332.0	1,344.0	1,344.0	3,707,600
2016/07/26	1,340.0	1,346.0	1,317.0	1,343.0	1,343.0	3,099,100
2016/07/25	1,319.0	1,349.0	1,319.0	1,337.0	1,337.0	3,634,700
2016/07/22	1,279.0	1,301.0	1,276.0	1,301.0	1,301.0	2,000,300
2016/07/21	1,299.0	1,305.0	1,284.0	1,294.0	1,294.0	1,814,500
2016/07/20	1,280.0	1,288.0	1,267.0	1,286.0	1,286.0	1,620,400
2016/07/19	1,290.0	1,295.0	1,266.0	1,280.0	1,280.0	2,125,600
2016/07/15	1,267.0	1,295.0	1,263.0	1,280.0	1,280.0	2,520,400
2016/07/14	1,281.0	1,290.0	1,263.0	1,277.0	1,277.0	1,661,500
2016/07/13	1,300.0	1,309.0	1,288.0	1,292.0	1,292.0	2,146,900
2016/07/12	1,250.0	1,278.0	1,247.0	1,268.0	1,268.0	1,731,100
2016/07/11	1,225.0	1,242.0	1,215.0	1,229.0	1,229.0	1,786,500
2016/07/08	1,215.0	1,223.0	1,188.0	1,188.0	1,188.0	1,609,100
2016/07/07	1,217.0	1,239.0	1,209.0	1,213.0	1,213.0	2,007,500
2016/07/06	1,222.0	1,223.0	1,201.0	1,217.0	1,217.0	1,818,200
2016/07/05	1,248.0	1,252.0	1,233.0	1,244.0	1,244.0	1,183,900
2016/07/04	1,253.0	1,262.0	1,243.0	1,259.0	1,259.0	925,700
2016/07/01	1,298.0	1,299.0	1,256.0	1,261.0	1,261.0	4,081,600
2016/06/30	1,262.0	1,274.0	1,240.0	1,241.0	1,241.0	2,631,500
2016/06/29	1,240.0	1,261.0	1,231.0	1,255.0	1,255.0	2,302,600
2016/06/28	1,201.0	1,226.0	1,186.0	1,218.0	1,218.0	2,905,500
2016/06/27	1,240.0	1,243.0	1,206.0	1,224.0	1,224.0	5,023,900
2016/06/24	1,284.0	1,298.0	1,170.0	1,184.0	1,184.0	4,453,700
2016/06/23	1,261.0	1,295.0	1,259.0	1,290.0	1,290.0	1,959,700
2016/06/22	1,296.0	1,297.0	1,277.0	1,286.0	1,286.0	1,655,000
2016/06/21	1,279.0	1,302.0	1,267.0	1,296.0	1,296.0	1,277,400
2016/06/20	1,283.0	1,299.0	1,280.0	1,290.0	1,290.0	1,541,500
2016/06/17	1,267.0	1,273.0	1,250.0	1,263.0	1,263.0	2,403,000
2016/06/16	1,287.0	1,296.0	1,250.0	1,257.0	1,257.0	2,066,300
2016/06/15	1,273.0	1,303.0	1,271.0	1,290.0	1,290.0	1,941,900
2016/06/14	1,278.0	1,280.0	1,261.0	1,271.0	1,271.0	1,876,000
2016/06/13	1,301.0	1,304.0	1,282.0	1,282.0	1,282.0	1,859,400
2016/06/10	1,339.0	1,340.0	1,319.0	1,336.0	1,336.0	2,272,400
2016/06/09	1,372.0	1,380.0	1,340.0	1,343.0	1,343.0	1,903,200
2016/06/08	1,390.0	1,394.0	1,363.0	1,381.0	1,381.0	1,669,300
2016/06/07	1,375.0	1,389.0	1,375.0	1,384.0	1,384.0	1,865,100
2016/06/06	1,374.0	1,378.0	1,360.0	1,375.0	1,375.0	1,632,800
2016/06/03	1,384.0	1,391.0	1,370.0	1,388.0	1,388.0	1,405,500
2016/06/02	1,409.0	1,415.0	1,385.0	1,389.0	1,389.0	1,875,000
2016/06/01	1,417.0	1,426.0	1,414.0	1,417.0	1,417.0	1,550,000
2016/05/31	1,414.0	1,434.0	1,414.0	1,433.0	1,433.0	2,088,600
2016/05/30	1,418.0	1,424.0	1,411.0	1,421.0	1,421.0	1,169,800
2016/05/27	1,420.0	1,424.0	1,408.0	1,415.0	1,415.0	1,117,200
2016/05/26	1,422.0	1,438.0	1,420.0	1,422.0	1,422.0	1,461,300
2016/05/25	1,426.0	1,430.0	1,415.0	1,421.0	1,421.0	2,549,100
2016/05/24	1,412.0	1,424.0	1,406.0	1,418.0	1,418.0	1,848,200
2016/05/23	1,407.0	1,420.0	1,399.0	1,419.0	1,419.0	1,556,800
2016/05/20	1,400.0	1,419.0	1,398.0	1,419.0	1,419.0	1,544,100
2016/05/19	1,418.0	1,427.0	1,401.0	1,409.0	1,409.0	2,153,700
2016/05/18	1,400.0	1,421.0	1,397.0	1,411.0	1,411.0	2,044,100
2016/05/17	1,404.0	1,413.0	1,395.0	1,409.0	1,409.0	2,566,900
2016/05/16	1,400.0	1,425.0	1,383.0	1,411.0	1,411.0	2,368,600
2016/05/13	1,414.0	1,430.0	1,403.0	1,407.0	1,407.0	2,390,400
2016/05/12	1,418.0	1,443.0	1,413.0	1,441.0	1,441.0	1,745,900
2016/05/11	1,446.0	1,462.0	1,432.0	1,436.0	1,436.0	1,683,000
2016/05/10	1,408.0	1,438.0	1,406.0	1,436.0	1,436.0	2,619,300
2016/05/09	1,425.0	1,437.0	1,416.0	1,421.0	1,421.0	1,612,800
2016/05/06	1,442.0	1,457.0	1,413.0	1,423.0	1,423.0	3,080,800
2016/05/02	1,420.0	1,448.0	1,417.0	1,447.0	1,447.0	2,888,600
2016/04/28	1,568.0	1,596.0	1,474.0	1,485.0	1,485.0	6,747,900
2016/04/27	1,559.0	1,584.0	1,540.0	1,559.0	1,559.0	17,377,700
2016/04/26	1,579.0	1,587.0	1,546.0	1,559.0	1,559.0	3,124,600
2016/04/25	1,565.0	1,592.0	1,553.0	1,591.0	1,591.0	4,383,800
2016/04/22	1,529.0	1,579.0	1,529.0	1,550.0	1,550.0	5,016,100
2016/04/21	1,546.0	1,555.0	1,533.0	1,551.0	1,551.0	3,220,800
2016/04/20	1,539.0	1,547.0	1,529.0	1,537.0	1,537.0	1,980,100
2016/04/19	1,540.0	1,550.0	1,528.0	1,539.0	1,539.0	2,182,800
2016/04/18	1,485.0	1,525.0	1,484.0	1,508.0	1,508.0	3,134,200
2016/04/15	1,513.0	1,537.0	1,508.0	1,532.0	1,532.0	2,288,800
2016/04/14	1,528.0	1,542.0	1,519.0	1,537.0	1,537.0	3,124,500
2016/04/13	1,494.0	1,529.0	1,492.0	1,513.0	1,513.0	3,565,300
2016/04/12	1,442.0	1,480.0	1,440.0	1,475.0	1,475.0	2,510,700
2016/04/11	1,443.0	1,454.0	1,426.0	1,448.0	1,448.0	2,954,300
2016/04/08	1,423.0	1,450.0	1,406.0	1,430.0	1,430.0	5,104,100
2016/04/07	1,474.0	1,485.0	1,441.0	1,452.0	1,452.0	3,431,100
2016/04/06	1,442.0	1,492.0	1,441.0	1,478.0	1,478.0	4,311,200
2016/04/05	1,473.0	1,487.0	1,439.0	1,447.0	1,447.0	2,481,400
2016/04/04	1,450.0	1,505.0	1,447.0	1,483.0	1,483.0	2,963,000
2016/04/01	1,486.0	1,500.0	1,449.0	1,452.0	1,452.0	3,099,900
2016/03/31	1,510.0	1,526.0	1,500.0	1,502.0	1,502.0	4,605,900
2016/03/30	1,531.0	1,531.0	1,511.0	1,515.0	1,515.0	2,255,400
2016/03/29	1,521.0	1,542.0	1,518.0	1,532.0	1,532.0	2,217,100
2016/03/28	1,540.0	1,547.0	1,520.0	1,540.0	1,540.0	2,032,100
2016/03/25	1,536.0	1,546.0	1,523.0	1,544.0	1,544.0	3,181,100
2016/03/24	1,506.0	1,527.0	1,487.0	1,523.0	1,523.0	3,062,700
2016/03/23	1,525.0	1,547.0	1,508.0	1,519.0	1,519.0	2,553,800
2016/03/22	1,500.0	1,525.0	1,500.0	1,525.0	1,525.0	3,468,800
2016/03/18	1,500.0	1,515.0	1,471.0	1,486.0	1,486.0	4,484,700
2016/03/17	1,532.0	1,542.0	1,503.0	1,509.0	1,509.0	2,789,500
2016/03/16	1,525.0	1,535.0	1,515.0	1,524.0	1,524.0	1,940,500
2016/03/15	1,533.0	1,544.0	1,517.0	1,536.0	1,536.0	3,232,200
2016/03/14	1,520.0	1,545.0	1,512.0	1,537.0	1,537.0	2,419,800
2016/03/11	1,485.0	1,515.0	1,485.0	1,504.0	1,504.0	3,032,500
2016/03/10	1,503.0	1,517.0	1,489.0	1,509.0	1,509.0	2,334,300
2016/03/09	1,517.0	1,518.0	1,484.0	1,503.0	1,503.0	3,478,600
2016/03/08	1,510.0	1,544.0	1,509.0	1,536.0	1,536.0	3,756,000
2016/03/07	1,510.0	1,534.0	1,508.0	1,514.0	1,514.0	2,173,300
2016/03/04	1,508.0	1,528.0	1,498.0	1,517.0	1,517.0	2,913,700
2016/03/03	1,472.0	1,519.0	1,466.0	1,510.0	1,510.0	4,367,500
2016/03/02	1,460.0	1,475.0	1,450.0	1,460.0	1,460.0	2,260,500
2016/03/01	1,431.0	1,449.0	1,423.0	1,431.0	1,431.0	2,535,100
2016/02/29	1,445.0	1,460.0	1,416.0	1,437.0	1,437.0	4,849,700
2016/02/26	1,434.0	1,450.0	1,424.0	1,429.0	1,429.0	2,450,500
2016/02/25	1,427.0	1,456.0	1,419.0	1,429.0	1,429.0	4,337,100
2016/02/24	1,376.0	1,424.0	1,367.0	1,408.0	1,408.0	3,155,000
2016/02/23	1,403.0	1,424.0	1,396.0	1,403.0	1,403.0	3,204,000
2016/02/22	1,380.0	1,402.0	1,370.0	1,391.0	1,391.0	2,786,300
2016/02/19	1,445.0	1,445.0	1,380.0	1,394.0	1,394.0	3,473,000
2016/02/18	1,430.0	1,444.0	1,396.0	1,428.0	1,428.0	4,242,000
2016/02/17	1,400.0	1,421.0	1,375.0	1,393.0	1,393.0	3,633,700
2016/02/16	1,390.0	1,428.0	1,364.0	1,400.0	1,400.0	3,880,900
2016/02/15	1,345.0	1,401.0	1,322.0	1,381.0	1,381.0	5,019,500
2016/02/12	1,223.0	1,282.0	1,215.0	1,243.0	1,243.0	6,330,500
2016/02/10	1,356.0	1,372.0	1,255.0	1,291.0	1,291.0	6,301,400
2016/02/09	1,363.0	1,371.0	1,335.0	1,340.0	1,340.0	4,590,600
2016/02/08	1,402.0	1,427.0	1,381.0	1,417.0	1,417.0	4,728,300
2016/02/05	1,450.0	1,456.0	1,402.0	1,419.0	1,419.0	6,290,000
2016/02/04	1,476.0	1,495.0	1,450.0	1,468.0	1,468.0	4,038,400
2016/02/03	1,487.0	1,516.0	1,483.0	1,496.0	1,496.0	3,369,000
2016/02/02	1,475.0	1,529.0	1,437.0	1,517.0	1,517.0	5,721,100
2016/02/01	1,584.0	1,584.0	1,489.0	1,494.0	1,494.0	8,430,700
2016/01/29	1,635.0	1,665.0	1,500.0	1,595.0	1,595.0	9,927,300
2016/01/28	1,655.0	1,655.0	1,630.0	1,630.0	1,630.0	2,428,900
2016/01/27	1,645.0	1,660.0	1,627.0	1,655.0	1,655.0	3,443,300
2016/01/26	1,597.0	1,626.0	1,577.0	1,608.0	1,608.0	2,769,300
2016/01/25	1,660.0	1,663.0	1,600.0	1,624.0	1,624.0	5,996,200
2016/01/22	1,529.0	1,610.0	1,497.0	1,596.0	1,596.0	8,840,600
2016/01/21	1,536.0	1,581.0	1,499.0	1,499.0	1,499.0	7,544,300
2016/01/20	1,628.0	1,630.0	1,543.0	1,546.0	1,546.0	6,599,600
2016/01/19	1,639.0	1,651.0	1,603.0	1,627.0	1,627.0	4,776,900
2016/01/18	1,655.0	1,672.0	1,632.0	1,655.0	1,655.0	4,176,100
2016/01/15	1,732.0	1,745.0	1,693.0	1,705.0	1,705.0	3,539,300
2016/01/14	1,689.0	1,717.0	1,684.0	1,715.0	1,715.0	5,433,400
2016/01/13	1,730.0	1,747.0	1,716.0	1,729.0	1,729.0	4,789,400
2016/01/12	1,776.0	1,779.0	1,697.0	1,697.0	1,697.0	7,284,900
2016/01/08	1,790.0	1,810.0	1,781.0	1,792.0	1,792.0	5,429,400
2016/01/07	1,801.0	1,839.0	1,791.0	1,801.0	1,801.0	6,637,100
2016/01/06	1,857.0	1,857.0	1,795.0	1,822.0	1,822.0	6,296,000
2016/01/05	1,835.0	1,874.0	1,835.0	1,847.0	1,847.0	5,551,200
2016/01/04	1,849.0	1,883.0	1,827.0	1,836.0	1,836.0	8,655,900
2015/12/30	1,912.0	1,921.0	1,859.0	1,865.0	1,865.0	16,354,600
2015/12/29	1,962.0	1,968.0	1,893.0	1,893.0	1,893.0	37,346,300
2015/12/28	1,952.0	1,979.0	1,933.0	1,975.0	1,975.0	12,670,900
2015/12/25	1,932.0	1,953.0	1,930.0	1,939.0	1,939.0	9,345,300
2015/12/24	1,912.0	1,930.0	1,903.0	1,926.0	1,926.0	5,966,700
2015/12/22	1,922.0	1,923.0	1,899.0	1,906.0	1,906.0	4,777,300
2015/12/21	1,922.0	1,940.0	1,907.0	1,924.0	1,924.0	5,875,100
2015/12/18	1,909.0	1,935.0	1,905.0	1,928.0	1,928.0	8,478,800
2015/12/17	1,906.0	1,924.0	1,895.0	1,915.0	1,915.0	5,797,300
2015/12/16	1,915.0	1,918.0	1,892.0	1,899.0	1,899.0	4,904,700
2015/12/15	1,926.0	1,937.0	1,882.0	1,888.0	1,888.0	9,270,100
2015/12/14	1,925.0	1,935.0	1,898.0	1,934.0	1,934.0	8,147,700
2015/12/11	1,970.0	1,972.0	1,951.0	1,955.0	1,955.0	6,127,200
2015/12/10	1,926.0	1,956.0	1,915.0	1,949.0	1,949.0	7,936,300
2015/12/09	1,980.0	1,983.0	1,937.0	1,952.0	1,952.0	10,047,200
2015/12/08	1,989.0	1,994.0	1,952.0	1,985.0	1,985.0	14,899,500
2015/12/07	1,980.0	1,999.0	1,973.0	1,997.0	1,997.0	14,809,700
2015/12/04	1,922.0	1,989.0	1,918.0	1,972.0	1,972.0	27,905,100
2015/12/03	1,915.0	1,946.0	1,911.0	1,938.0	1,938.0	17,857,200
2015/12/02	1,907.0	1,909.0	1,886.0	1,907.0	1,907.0	4,664,600
2015/12/01	1,915.0	1,922.0	1,897.0	1,900.0	1,900.0	7,555,700
2015/11/30	1,890.0	1,907.0	1,888.0	1,907.0	1,907.0	9,541,000
2015/11/27	1,882.0	1,898.0	1,882.0	1,889.0	1,889.0	5,605,500
2015/11/26	1,913.0	1,913.0	1,885.0	1,893.0	1,893.0	10,143,600
2015/11/25	1,898.0	1,923.0	1,887.0	1,916.0	1,916.0	19,151,500
2015/11/24	1,890.0	1,890.0	1,875.0	1,883.0	1,883.0	7,292,200
2015/11/20	1,878.0	1,881.0	1,840.0	1,870.0	1,870.0	9,842,300
2015/11/19	1,906.0	1,913.0	1,871.0	1,876.0	1,876.0	13,053,400
2015/11/18	1,880.0	1,905.0	1,871.0	1,897.0	1,897.0	14,554,100
2015/11/17	1,930.0	1,935.0	1,838.0	1,903.0	1,903.0	71,850,800
2015/11/16	1,877.0	1,909.0	1,858.0	1,899.0	1,899.0	27,451,300
2015/11/13	1,849.0	1,938.0	1,841.0	1,896.0	1,896.0	49,620,100
2015/11/12	1,842.0	1,877.0	1,826.0	1,860.0	1,860.0	28,922,000
2015/11/11	1,758.0	1,878.0	1,750.0	1,851.0	1,851.0	51,162,600
2015/11/10	1,691.0	1,757.0	1,690.0	1,755.0	1,755.0	31,050,300
2015/11/09	1,768.0	1,779.0	1,695.0	1,702.0	1,702.0	32,733,400
2015/11/06	1,780.0	1,809.0	1,746.0	1,755.0	1,755.0	38,087,500
2015/11/05	1,775.0	1,854.0	1,763.0	1,820.0	1,820.0	103,814,700
2015/11/04	1,631.0	1,775.0	1,596.0	1,760.0	1,760.0	168,451,300